time_days,chamber,Bottom,Top,bottom_minus_top_mbar
0.0,19,0.0,0.0,0.0
0.0,50,0.0,0.0,0.0
0.02083333333,19,0.07761145903498345,1.3314803945199856,-1.2538689354850021
0.02083333333,50,3.364881342363257,0.14450214336000045,3.2203791990032564
0.04166666667,19,5.290936059374985,58.67073060456331,-53.379794545188325
0.04166666667,50,29.598683103279956,4.786238696626659,24.8124444066533
0.0625,19,4.372488226674989,12.708545610836685,-8.336057384161697
0.0625,50,14.454867699666616,3.9126903525033185,10.542177347163298
0.08333333333,19,2.2527190170799827,36.58502777286329,-34.33230875578331
0.08333333333,50,14.825992134083245,2.9543704535766437,11.871621680506601
0.1041666667,19,0.0,0.0,0.0
0.1041666667,50,0.0,0.0,0.0
0.125,19,0.07761145903498345,1.3314803945199856,-1.2538689354850021
0.125,50,3.364881342363257,0.14450214336000045,3.2203791990032564
0.1458333333,19,3.469061094224969,-0.17911991251666373,3.6481810067416327
0.1458333333,50,5.659515501993307,2.243217018136685,3.416298483856622
0.1666666667,19,4.372488226674989,12.708545610836685,-8.336057384161697
0.1666666667,50,14.454867699666616,3.9126903525033185,10.542177347163298
0.1875,19,2.2527190170799827,36.58502777286329,-34.33230875578331
0.1875,50,14.825992134083245,2.9543704535766437,11.871621680506601
0.2083333333,19,20.129779826225047,38.535578437446624,-18.405798611221577
0.2083333333,50,34.95523236819664,3.3538566529000113,31.60137571529663
0.2291666667,19,38.01553804016493,29.932252800876615,8.083285239288312
0.2291666667,50,39.45776500937999,26.162504040926667,13.295260968453324
0.25,19,43.23659517140999,29.16389508223339,14.072700089176596
0.25,50,40.96327517085331,25.71324555694336,15.250029613909948
0.2708333333,19,49.83666089012996,28.834522893863323,21.00213799626664
0.2708333333,50,43.00093595215333,23.653522368533345,19.347413583619982
0.2916666667,19,49.07299910699504,28.748961813443277,20.324037293551765
0.2916666667,50,42.15699329859001,22.88566243213332,19.27133086645669
0.3125,19,47.37409100270503,28.82931451122666,18.54477649147837
0.3125,50,41.81101557337998,22.66852476216665,19.14249081121333
0.3333333333,19,47.58890449035499,29.153497479396645,18.435407010958347
0.3333333333,50,41.669212139669945,21.96457982514327,19.704632314526673
0.3541666667,19,47.92748959555996,29.56121191235661,18.36627768320335
0.3541666667,50,41.616950667033244,23.26434160834333,18.352609058689914
0.375,19,48.249355342429965,30.11857500469,18.130780337739964
0.375,50,41.7201730940233,32.920678248470004,8.799494845553298
0.3958333333,19,48.836144767929966,30.499567673536678,18.336577094393288
0.3958333333,50,42.05296624846668,32.05758373295669,9.995382515509995
0.4166666667,19,49.38997490196499,30.845688432996667,18.544286468968323
0.4166666667,50,42.412558559996604,30.36221048083337,12.050348079163236
0.4375,19,49.919054457524965,31.3431213796667,18.575933077858263
0.4375,50,42.63522351203994,30.04179002137664,12.593433490663301
0.4583333333,19,50.1912268055799,32.03529807460669,18.15592873097321
0.4583333333,50,43.125619668183354,29.91407443400995,13.211545234173403
0.4791666667,19,50.68736491373494,32.437877370619994,18.249487543114945
0.4791666667,50,43.525767152819945,29.996144287656648,13.529622865163297
0.5,19,51.22508200703504,32.984934552783365,18.240147454251677
0.5,50,43.98281855253659,30.135111915596667,13.847706636939925
0.5208333333,19,52.036893754999994,33.3249101282366,18.71198362676339
0.5208333333,50,44.63696051039327,30.30740940158334,14.329551108809934
0.5416666667,19,52.52542051207996,34.00494506351341,18.52047544856655
0.5416666667,50,45.00541191111328,30.82443132558664,14.180980585526637
0.5625,19,53.11377020269498,34.20758931602662,18.90618088666836
0.5625,50,45.473302761056594,31.307852768020023,14.165449993036571
0.5833333333,19,53.444698251745024,34.84795999415663,18.59673825758839
0.5833333333,50,45.92046212505333,31.625488422330022,14.294973702723304
0.6041666667,19,54.249486692920016,35.4461455061033,18.803341186816716
0.6041666667,50,46.53232464765995,32.24511602083661,14.287208626823336
0.625,19,54.80528840099004,36.057908152546666,18.74738024844337
0.625,50,46.88911557348323,32.611708811616644,14.277406761866587
0.6458333333,19,55.48623132714994,36.47437073814998,19.01186058899996
0.6458333333,50,47.51122015408324,33.28676413921331,14.22445601486993
0.6666666667,19,56.158888476775076,37.135522514769946,19.02336596200513
0.6666666667,50,48.025732779336636,33.70051845070335,14.325214328633287
0.6875,19,56.95675544310001,37.63576246345997,19.32099297964004
0.6875,50,48.71670684868328,34.35508492083337,14.36162192784991
0.7083333333,19,57.58873427871498,37.85929577481329,19.72943850390169
0.7083333333,50,49.039049032586604,34.83454035487326,14.204508677713342
0.7291666667,19,57.97074723336499,38.23186040779001,19.73888682557498
0.7291666667,50,49.384260287736616,35.280534623170034,14.103725664566582
0.75,19,58.60308361638505,38.62670309274328,19.976380523641772
0.75,50,49.629739210699995,35.64216002729332,13.987579183406673
0.7708333333,19,59.21897987377503,38.92448956293674,20.294490310838285
0.7708333333,50,50.033019715109994,36.169083164206654,13.86393655090334
0.7916666667,19,59.426437933519935,39.29727858603337,20.129159347486564
0.7916666667,50,50.45792985812337,36.59726193389994,13.860667924223435
0.8125,19,60.02597163343495,39.492945337376646,20.533026296058303
0.8125,50,50.79225716046324,36.86261733086004,13.929639829603197
0.8333333333,19,60.500518071609974,39.66704909170335,20.833468979906627
0.8333333333,50,50.93934813474997,37.34520629202996,13.594141842720013
0.8541666667,19,60.90871676245507,40.02479451168332,20.883922250771754
0.8541666667,50,51.341868289926616,37.8442001072566,13.497668182670019
0.875,19,61.09170113339002,40.29378544852997,20.79791568486005
0.875,50,51.57658571600992,38.21900132088668,13.35758439512324
0.8958333333,19,61.67515300856502,40.64582548645998,21.029327522105042
0.8958333333,50,51.712288765353264,38.43709513284,13.275193632513265
0.9166666667,19,62.108284880795,40.89903885393998,21.20924602685502
0.9166666667,50,52.12551213967,38.78138409009667,13.344128049573328
0.9375,19,62.43330718295505,41.036349105996656,21.39695807695839
0.9375,50,52.44129975993,39.04700054898001,13.394299210949988
0.9583333333,19,62.84999544291503,41.452424277183354,21.397571165731677
0.9583333333,50,52.655112636216664,39.400308094109995,13.254804542106669
0.9791666667,19,63.28384662468005,41.79712468239669,21.48672194228336
0.9791666667,50,52.967007895909965,39.764863342049956,13.202144553860009
1.0,19,63.70928409458003,42.12030174298669,21.588982351593337
1.0,50,53.3571062820699,39.83353323991329,13.523573042156613
1.020833333,19,64.126188422795,42.72514417582337,21.40104424697163
1.020833333,50,53.73971174426322,40.176490664806614,13.563221079456603
1.041666667,19,64.67718501972496,43.23612119175338,21.441063827971583
1.041666667,50,54.1333537410433,40.50906872534002,13.624285015703279
1.0625,19,65.06955960476495,43.85021385757667,21.219345747188278
1.0625,50,54.70179396369664,41.09329166767327,13.608502296023367
1.083333333,19,65.75431653333993,44.20347077323004,21.550845760109894
1.083333333,50,55.27362003601331,41.49364486283324,13.77997517318007
1.104166667,19,66.29710634793008,44.43201854302,21.865087804910083
1.104166667,50,55.48608920160666,42.166676681163345,13.319412520443315
1.125,19,66.84001953340504,44.64150470899335,22.19851482441169
1.125,50,56.04599405254669,42.6663791841734,13.379614868373288
1.145833333,19,67.21596653014495,44.91641775226329,22.29954877788166
1.145833333,50,56.43946653898664,42.86667300611001,13.57279353287663
1.166666667,19,67.64200753841504,45.216061074296704,22.42594646411834
1.166666667,50,56.92060657337996,43.33188673937999,13.588719833999974
1.1875,19,68.24377870824998,45.247933150480016,22.99584555776996
1.1875,50,57.21163398521992,43.79001894067335,13.42161504454657
1.208333333,19,68.13504679407998,45.570979877813365,22.56406691626662
1.208333333,50,57.5260034355833,44.093897524969975,13.432105910613323
1.229166667,19,68.45290231927999,45.73882366855332,22.714078650726663
1.229166667,50,57.72774095030328,44.563042376996655,13.164698573306623
1.25,19,68.63675389174006,45.287257877943375,23.34949601379668
1.25,50,58.01869785158332,45.053126227420044,12.965571624163275
1.270833333,19,69.00490085024995,45.42924657618331,23.575654274066643
1.270833333,50,58.14225992162994,45.34578082286661,12.796479098763335
1.291666667,19,68.92964099237491,45.407704774263344,23.52193621811157
1.291666667,50,58.25524190628664,45.45083038016329,12.804411526123353
1.3125,19,69.26390410366997,45.38117721260005,23.88272689106992
1.3125,50,58.29264259565665,45.568017334859974,12.724625260796678
1.333333333,19,69.50662184593494,45.43219652085327,24.074425325081677
1.333333333,50,58.416194802919904,45.773872629186634,12.64232217373327
1.354166667,19,69.72407244822494,45.33007737906996,24.393995069154983
1.354166667,50,58.530086074439964,46.06771698281003,12.462369091629931
1.375,19,69.96684873461498,45.39511962692003,24.571729107694956
1.375,50,58.82311047798995,46.259532960186675,12.563577517803274
1.395833333,19,69.92506269032998,45.53647240673331,24.38859028359667
1.395833333,50,58.84771882591656,46.28590085620002,12.561817969716536
1.416666667,19,70.14257313270997,45.43916796367997,24.70340516903
1.416666667,50,59.038994197346675,46.46469805612336,12.574296141223314
1.4375,19,70.51094242108508,45.84195581497996,24.668986606105115
1.4375,50,59.242411547009965,46.48924316464994,12.753168382360023
1.458333333,19,71.73374524356501,48.312277411863306,23.421467831701705
1.458333333,50,61.14032452683656,48.05512174790332,13.085202778933237
1.479166667,19,72.12741168037502,48.588367066240004,23.539044614135015
1.479166667,50,61.43092796003335,48.496019763753374,12.934908196279977
1.5,19,72.50441676051008,48.76227215951334,23.742144600996745
1.5,50,61.71317230186654,48.76286460749994,12.9503076943666
1.520833333,19,72.73897991487496,49.12385288741992,23.61512702745504
1.520833333,50,61.984846447616555,49.02496580956673,12.959880638049825
1.541666667,19,73.09926866892005,49.37774803439,23.721520634530044
1.541666667,50,62.43078034424332,49.363799432463374,13.066980911779943
1.5625,19,73.4764402427,49.66458723181995,23.811853010880043
1.5625,50,62.73656404733655,49.63358442611999,13.102979621216562
1.583333333,19,73.83692321974996,49.91407665449333,23.922846565256634
1.583333333,50,63.07112637696662,49.96212555504329,13.109000821923324
1.604166667,19,73.92084717764504,50.00099965588341,23.919847521761632
1.604166667,50,63.006720600689924,50.220620878910005,12.78609972177992
1.625,19,74.40714338392007,50.33624263180999,24.070900752110084
1.625,50,63.36495408220325,50.55021778479996,12.814736297403286
1.645833333,19,74.34860180657,50.32722840142666,24.021373405143343
1.645833333,50,63.72477940786663,50.955861276536666,12.768918131329961
1.666666667,19,74.70915235046999,50.57620235362333,24.132949996846662
1.666666667,50,63.82690514483992,51.11959540820669,12.707309736633228
1.6875,19,74.75960474134996,50.83027792832331,23.92932681302665
1.6875,50,64.09886668938994,51.61091629213672,12.487950397253215
1.708333333,19,74.82681923313004,50.81537365032667,24.01144558280337
1.708333333,50,64.09960442871333,51.68640766870669,12.413196760006642
1.729166667,19,75.31332099182993,50.71424726048326,24.599073731346664
1.729166667,50,64.37941535235659,52.092204099159936,12.287211253196652
1.75,19,75.10388895091495,50.76840112369003,24.335487827224917
1.75,50,64.18185675221999,52.14320882668991,12.038647925530078
1.770833333,19,75.13750164481502,50.75784982377005,24.379651821044966
1.770833333,50,64.27053759988662,52.11613665846331,12.154400941423312
1.791666667,19,75.20472703262004,51.001362856046626,24.203364176573416
1.791666667,50,64.45413909662334,52.324642597859985,12.129496498763352
1.8125,19,75.27195242042495,51.056001436656665,24.215950983768288
1.8125,50,64.54282605724329,52.374585581803295,12.168240475439994
1.833333333,19,75.59046763104999,51.36784062933672,24.22262700171327
1.833333333,50,64.72409181231656,52.51285603186333,12.21123578045323
1.854166667,19,75.80040273190497,51.44076795459333,24.359634777311634
1.854166667,50,64.88195058933665,52.99798719793,11.883963391406652
1.875,19,75.83403084716502,51.67801372289667,24.156017124268352
1.875,50,65.06150850556328,53.225633743046615,11.835874762516667
1.895833333,19,76.04399318808504,51.91052763424,24.133465553845042
1.895833333,50,65.51384748156325,53.34311658548006,12.170730896083185
1.916666667,19,76.48853311766499,51.97010577527666,24.51842734238833
1.916666667,50,65.68112365994666,53.379788292939985,12.30133536700668
1.9375,19,76.53896599525496,52.461100997629956,24.077864997625
1.9375,50,65.85247323603657,53.58673516511002,12.265738070926552
1.958333333,19,76.72359243554996,52.626090306626644,24.097502128923317
1.958333333,50,66.45702615102334,53.60164641219327,12.855379738830074
1.979166667,19,77.32774259804495,53.03057292885342,24.297169669191533
1.979166667,50,66.82024699888329,54.08885647110336,12.73139052777993
2.0,19,77.36141743872992,53.264540166966675,24.09687727176324
2.0,50,67.10153161268003,54.383330945359944,12.71820066732009
2.020833333,19,77.82298664695503,53.57436189700994,24.248624749945087
2.020833333,50,67.5027488551633,54.85759282852666,12.645156026636641
2.041666667,19,78.01623773651994,53.63222086431332,24.384016872206622
2.041666667,50,67.69321645247999,55.163585062466645,12.529631390013343
2.0625,19,78.19269948512493,53.85412810120662,24.338571383918314
2.0625,50,68.03033106687997,55.270727003316665,12.759604063563302
2.083333333,19,78.63746667111997,54.167736490453386,24.46973018066658
2.083333333,50,68.39378870511992,55.55956770536003,12.834220999759886
2.104166667,19,78.52840631598491,54.32076309119005,24.207643224794857
2.104166667,50,68.46208828050328,55.85427907142665,12.607809209076628
2.125,19,78.70489982998998,54.266681813403316,24.438218016586667
2.125,50,68.74534870380994,56.061536031889965,12.683812671919974
2.145833333,19,79.32625398083502,54.31034945395663,25.015904526878387
2.145833333,50,68.90179050092998,56.35330399756333,12.548486503366647
2.166666667,19,78.94884829491508,54.365285042683276,24.583563252231805
2.166666667,50,68.97011027294991,56.55679617106326,12.413314101886648
2.1875,19,79.09992548404506,54.31824860270998,24.78167688133508
2.1875,50,69.13962787866326,56.84957149580998,12.29005638285328
2.208333333,19,79.15047452721006,54.27391424373991,24.876560283470155
2.208333333,50,69.15220792936327,56.76839322855998,12.383814700803292
2.229166667,19,79.18420154132497,54.22686051503994,24.95734102628503
2.229166667,50,69.31044415398662,56.69848227633668,12.611961877649946
2.25,19,78.94091588602504,54.27051438562997,24.670401500395066
2.25,50,69.30104300588994,56.795321934693334,12.505721071196604
2.270833333,19,78.97463246545493,54.39425202978001,24.58038043567492
2.270833333,50,69.2924863776733,56.81674703242663,12.475739345246666
2.291666667,19,78.98281476920005,54.33655336278662,24.64626140641343
2.291666667,50,69.72090790162001,56.845833283649995,12.875074617970014
2.3125,19,79.15945615406002,54.54681158667995,24.612644567380073
2.3125,50,69.78924817843324,57.11134081105331,12.67790736737993
2.333333333,19,79.47022668032497,54.75908108625663,24.71114559406834
2.333333333,50,70.22056390152666,57.22727064358003,12.993293257946632
2.354166667,19,79.89831521499008,55.137975024519996,24.76034019047008
2.354166667,50,70.46709274411323,57.235343048566655,13.231749695546576
2.375,19,80.05807747081502,55.353850148739944,24.704227322075077
2.375,50,70.82818310156999,57.67541485039999,13.152768251170002
2.395833333,19,80.07491039588996,55.84544028376664,24.229470112123316
2.395833333,50,71.24614099955333,57.691188869099996,13.554952130453337
2.416666667,19,80.50312224131,55.94324883267662,24.559873408633372
2.416666667,50,71.58556832481672,57.77665110492993,13.808917219886787
2.4375,19,80.79703589194497,56.337071552350004,24.45996433959497
2.4375,50,71.74224745491328,58.13674972894663,13.60549772596665
2.458333333,19,81.11653192770501,56.45098750260672,24.66554442509829
2.458333333,50,72.16884394077324,58.41373923074999,13.755104710023254
2.479166667,19,81.12484022218501,56.66336954152333,24.461470680661684
2.479166667,50,72.49529704888327,58.60601862285667,13.8892784260266
2.5,19,81.69588178514499,57.04252449364003,24.65335729150496
2.5,50,72.74486548780665,58.96423555466,13.780629933146649
2.520833333,19,81.71283165027995,57.245829077806626,24.467002572473326
2.520833333,50,73.09124771031661,59.319771182540045,13.771476527776564
2.541666667,19,82.02375324884002,57.25787974557996,24.76587350326006
2.541666667,50,73.42123522199324,59.49679798414661,13.924437237846632
2.5625,19,82.43510683461005,57.72781554861664,24.707291285993414
2.5625,50,73.7591684341733,59.940178122969996,13.818990311203308
2.583333333,19,82.59494121056997,57.83682469915001,24.758116511419964
2.583333333,50,73.98311300489995,60.19570804322003,13.787404961679918
2.604166667,19,82.62878254490494,57.869963652619994,24.758818892284943
2.604166667,50,74.15678214026666,60.53991095091332,13.61687118935334
2.625,19,82.77991104491508,58.059957915673294,24.719953129241787
2.625,50,74.38117801492326,60.706641474493345,13.67453654042992
2.645833333,19,82.93976130358004,57.97495266024998,24.96480864333006
2.645833333,50,74.45984693940663,60.97086112656336,13.488985812843268
2.666666667,19,82.79688085675008,57.90260528389331,24.89427557285677
2.666666667,50,74.59317262814666,61.14816685142671,13.445005776719952
2.6875,19,83.09099307958996,57.92444110159666,25.1665519779933
2.6875,50,74.75466150124328,61.12697119299003,13.62769030825325
2.708333333,19,82.97361307260002,57.85972436225666,25.11388871034336
2.708333333,50,74.90087307197332,61.293793935983366,13.607079135989956
2.729166667,19,82.99058288443501,57.68748116199663,25.303101722438385
2.729166667,50,74.96006632849999,61.53899645390997,13.421069874590025
2.75,19,83.16732599631501,57.62212049195,25.545205504365015
2.75,50,75.01517031716332,61.62755196263671,13.387618354526616
2.770833333,19,83.04131661065497,57.64408587013668,25.397230740518296
2.770833333,50,75.08659901952664,61.606347407913404,13.480251611613241
2.791666667,19,83.19256334668995,57.92536182506334,25.26720152162661
2.791666667,50,75.14450132641336,61.69292226233669,13.451579064076675
2.8125,19,82.93226614079998,57.92486778092007,25.007398359879915
2.8125,50,75.36902169689328,61.65461053199332,13.714411164899964
2.833333333,19,83.10902014870504,58.03809810804,25.07092204066504
2.833333333,50,75.51704924737992,61.71935832112001,13.797690926259904
2.854166667,19,83.24330205958,58.050172988709996,25.193129070870008
2.854166667,50,75.66638307265661,61.88632861237674,13.780054460279878
2.875,19,83.26027685808498,58.162772914380035,25.097503943704943
2.875,50,75.89068428592323,62.03697485119335,13.853709434729879
2.895833333,19,83.29413361378505,58.07059989543336,25.22353371835169
2.895833333,50,76.22030987888998,62.001482006749974,14.218827872140004
2.916666667,19,83.571338632915,58.2556617016434,25.315676931271604
2.916666667,50,76.27648597696994,62.15507913135991,14.121406845610025
2.9375,19,83.42842549800497,58.43860210661675,24.98982339138822
2.9375,50,76.43634632910664,62.14998769241337,14.286358636693272
2.958333333,19,83.58831841809507,58.730588137786675,24.857730280308395
2.958333333,50,76.73936841623,62.39445358360327,14.34491483262672
2.979166667,19,83.88242127712005,58.92484924014335,24.957572036976693
2.979166667,50,77.15761047790333,62.62559542844,14.532015049463332
3.0,19,84.03370790653997,58.93196108669,25.10174681984997
3.0,50,77.48356308282659,62.94942406997336,14.534139012853231
3.020833333,19,84.193524790695,58.86724834752007,25.326276443174926
3.020833333,50,77.61948385621663,63.08886934168341,14.53061451453322
3.041666667,19,83.93328367404507,59.07205908326667,24.8612245907784
3.041666667,50,77.67688021039328,63.14596960523337,14.53091060515991
3.0625,19,83.950176527265,59.15926519666664,24.790911330598362
3.0625,50,77.89263534871661,63.20034582057341,14.692289528143199
3.083333333,19,84.23578496094495,59.09035385786334,25.145431103081613
3.083333333,50,78.21717933267333,63.374941715923306,14.842237616750019
3.104166667,19,84.11846288855992,59.11591580823657,25.002547080323346
3.104166667,50,78.27522256262004,63.520110995829974,14.75511156679007
3.125,19,84.00103892419003,58.94768232639998,25.05335659779005
3.125,50,78.48822939141333,63.66529393075996,14.822935460653369
3.145833333,19,83.75765437003002,58.8675875781333,24.89006679189672
3.145833333,50,78.46862723252657,63.719683472306656,14.748943760219916
3.166666667,19,83.63169378023503,58.86807771866999,24.76361606156504
3.166666667,50,78.43675392649997,63.87630832139663,14.560445605103347
3.1875,19,83.79152156042,58.78656000118,25.004961559239995
3.1875,50,78.48341486668001,63.94114296263998,14.542271904040028
3.208333333,19,83.65719476948499,58.62557102809668,25.03162374138831
3.208333333,50,78.44974982747662,63.91701326571005,14.532736561766576
3.229166667,19,83.79152156042,58.44757710603335,25.343944454386644
3.229166667,50,78.50778648224002,63.80682431665002,14.70096216559
3.25,19,83.53122374499998,58.44757710603335,25.083646638966627
3.25,50,78.5534257447866,64.02768863984666,14.525737104939935
3.270833333,19,83.39689196739499,58.35616873009334,25.040723237301656
3.270833333,50,78.61098520533994,63.82564860314335,14.785336602196594
3.291666667,19,83.56508050070005,58.44694318582666,25.118137314873387
3.291666667,50,78.76056390964659,63.982291111303276,14.778272798343316
3.3125,19,83.42212922969503,58.37089053014665,25.051238699548378
3.3125,50,78.7936613161799,63.85485304402001,14.938808272159882
3.333333333,19,83.55646599398,58.56099037478331,24.99547561919669
3.333333333,50,79.03273319636996,64.0086577971366,15.024075399233354
3.354166667,19,83.57334250316006,58.648209600410006,24.925132902750057
3.354166667,50,79.16965100876659,64.0515507260933,15.118100282673296
3.375,19,83.73327900735495,58.72781420813999,25.005464799214963
3.375,50,79.38380688058658,64.18046998644668,15.203336894139895
3.395833333,19,83.59032228834002,58.90580461144327,24.684517676896746
3.395833333,50,79.71188670065328,64.15631144295332,15.555575257699957
3.416666667,19,84.144919228285,59.08522844369668,25.059690784588327
3.416666667,50,79.8479727489766,64.27769165037334,15.57028109860326
3.4375,19,84.28787594729994,59.17600289943334,25.111873047866595
3.4375,50,80.06116329259994,64.49858621047001,15.562577082129934
3.458333333,19,84.39694460655,59.14995101704002,25.246993589509977
3.458333333,50,80.2876473694932,64.6495438685999,15.638103500893294
3.479166667,19,84.56517441727004,59.062738347526725,25.502436069743318
3.479166667,50,80.32387427839667,64.79484902990669,15.529025248489987
3.5,19,84.38833009983506,59.25140166148329,25.136928438351767
3.5,50,80.45922638354655,64.83782671223999,15.621399671306563
3.520833333,19,84.40532484503507,59.33292983869327,25.0723950063418
3.520833333,50,80.7637600080833,64.88068879251664,15.883071215566659
3.541666667,19,84.66561813511504,59.52159663922998,25.144021495885056
3.541666667,50,80.82367788454997,65.10548570401666,15.718192180533308
3.5625,19,84.53128137083507,59.591800600296665,24.93948077053841
3.5625,50,81.03516478181332,65.22691999738667,15.808244784426648
3.583333333,19,84.82556913799493,59.501033182080015,25.324535955914918
3.583333333,50,81.15993228148663,65.53977807716005,15.620154204326582
3.604166667,19,84.68261786699003,59.41382051256331,25.268797354426717
3.604166667,50,81.46553592302655,65.57221864766336,15.893317275363188
3.625,19,84.80866538874494,59.510275909659946,25.298389479084996
3.625,50,81.50180058928993,65.71759827643332,15.784202312856607
3.645833333,19,84.68261786699003,59.39750808658664,25.28510978040339
3.645833333,50,81.54590298906658,65.65811208882342,15.88779090024316
3.666666667,19,84.68261786699003,59.50040265189,25.18221521510003
3.666666667,50,81.58038350405661,65.71447759802,15.865905906036616
3.6875,19,84.82556913799493,59.21127232666996,25.61429681132497
3.6875,50,81.70518475803665,66.02839269194992,15.676792066086733
3.708333333,19,84.68261786699003,59.222589537483294,25.460028329506734
3.708333333,50,81.75107804719327,66.14135889585991,15.609719151333366
3.729166667,19,84.53137781480501,59.01762086725004,25.513756947554974
3.729166667,50,81.78704947213332,66.11717920474003,15.669870267393293
3.75,19,84.41393436508002,58.926860486556656,25.48707387852337
3.75,50,81.65066178151328,66.0605885307599,15.590073250753377
3.770833333,19,84.40532484503507,58.736270084349975,25.669054760685093
3.770833333,50,81.76567965597,66.00685417667997,15.758825479290039
3.791666667,19,84.25409024085997,58.454789051039974,25.799301189819992
3.791666667,50,81.69833643194333,65.94733740721999,15.750999024723342
3.8125,19,84.27098309408001,58.454789051039974,25.816194043040035
3.8125,50,81.65474698667992,66.06887893043991,15.585868056240017
3.833333333,19,83.69951509296999,58.44348239650996,25.256032696460032
3.833333333,50,81.66615302273662,66.01417554272662,15.651977480010004
3.854166667,19,83.97680266691503,58.264068398426616,25.71273426848842
3.854166667,50,81.52171647296332,65.94418293853,15.577533534433314
3.875,19,83.56517334201504,58.19578476097323,25.36938858104181
3.875,50,81.73609075984325,65.89796842194,15.838122337903243
3.895833333,19,83.31312755570497,58.199332231449944,25.113795324255022
3.895833333,50,81.57806875542326,66.10863007636662,15.469438679056637
3.916666667,19,83.19575062990992,58.09727223374663,25.098478396163294
3.916666667,50,81.87141147832658,65.84892819531665,16.022483283009933
3.9375,19,83.19575062990992,58.30221285045665,24.893537779453276
3.9375,50,81.90588862426326,65.97329525293333,15.93259337132993
3.958333333,19,83.0697691707399,58.400588811863294,24.66918035887661
3.958333333,50,81.93136112486327,65.90237452237666,16.02898660248661
3.979166667,19,82.95227807291491,58.60617739163664,24.346100681278266
3.979166667,50,82.14577227303998,65.94233075069333,16.20344152234665
4.0,19,82.94367806487497,58.41940750841665,24.524270556458326
4.0,50,82.43828385702996,66.14532609025662,16.29295776677334
4.020833333,19,83.2209914948649,58.32486067986997,24.896130814994933
4.020833333,50,82.55235220348668,66.0638335212567,16.48851868222998
4.041666667,19,83.99334754120508,58.338094299753344,25.65525324145174
4.041666667,50,82.40412602046335,66.34161137012661,16.062514650336738
4.0625,19,84.21149667842502,58.09955733264329,26.111939345781728
4.0625,50,82.4396004244099,66.09632172550994,16.343278698899965
4.083333333,19,84.28666730456501,58.06025208869672,26.226415215868293
4.083333333,50,82.56268318868997,66.19584938829662,16.36683380039335
4.104166667,19,84.07607541677993,57.82238361924669,26.253691797533236
4.104166667,50,82.58668547357665,66.13920736203329,16.44747811154336
4.125,19,83.89928013146499,57.43206420529668,26.467215926168308
4.125,50,82.52980388572666,66.16118914414001,16.368614741586654
4.145833333,19,83.84012710799499,57.03822877642332,26.80189833157167
4.145833333,50,82.48370544187662,66.27518302827666,16.208522413599965
4.166666667,19,83.39475941160498,56.56644961804992,26.828309793555057
4.166666667,50,82.06880616374,65.9617124638,16.10709369994001
4.1875,19,83.08371444215499,56.006117344476706,27.07759709767828
4.1875,50,82.1032765077966,65.79488444714332,16.308392060653276
4.208333333,19,82.51248237485999,55.62571261351999,26.88676976134
4.208333333,50,81.68554277512987,65.65192508937666,16.033617685753214
4.229166667,19,82.05860414534999,55.03786630248328,27.02073784286671
4.229166667,50,81.64365548074993,65.42460511608333,16.2190503646666
4.25,19,81.63020003828996,54.81783586370663,26.81236417458333
4.25,50,81.48680761348339,65.11949336509001,16.367314248393384
4.270833333,19,81.05903694980503,54.66093117952664,26.39810577027839
4.270833333,50,81.45289212086993,64.7839383679833,16.668953752886637
4.291666667,19,80.63900504130999,54.67658080386999,25.962424237439997
4.291666667,50,81.39783850001668,64.81433509188003,16.58350340813665
4.3125,19,80.37877805006502,54.40720738652332,25.971570663541705
4.3125,50,81.15041906653327,64.49488266206333,16.65553640446994
4.333333333,19,79.82445425735006,54.2130903602133,25.611363897136755
4.333333333,50,81.28765515983987,63.96931600449333,17.318339155346543
4.354166667,19,79.8412653903651,54.16882421235997,25.672441178005123
4.354166667,50,81.32047376059332,63.76082181466658,17.55965194592674
4.375,19,79.82434544526501,54.081683660093326,25.742661785171684
4.375,50,81.45679853201663,63.46014090042669,17.996657631589947
4.395833333,19,79.53037740256497,54.08231364311329,25.448063759451678
4.395833333,50,81.40072975397663,63.40040426184339,18.000325492133243
4.416666667,19,79.39609549169,54.06950437455665,25.326591117133354
4.416666667,50,81.44742107057327,63.1699210702,18.277500000373273
4.4375,19,79.2364202558851,54.242349223499936,24.994071032385158
4.4375,50,81.48185110281327,63.0398852827833,18.441965820029964
4.458333333,19,78.97617377929004,53.99468307908334,24.9814907002067
4.458333333,50,81.51349150073327,62.888047948906625,18.625443551826642
4.479166667,19,78.85878688015003,54.02767848212337,24.831108398026664
4.479166667,50,81.6393657825433,62.92046521244996,18.718900570093332
4.5,19,78.5984147860949,54.03879260316338,24.559622182931527
4.5,50,81.57059297720998,62.781850224263316,18.788742752946668
4.520833333,19,78.64899415051497,54.15270366544663,24.496290485068336
4.520833333,50,81.59275821081,62.651742912366636,18.941015298443368
4.541666667,19,78.522897596635,53.89230538890994,24.630592207725066
4.541666667,50,81.72811706632997,62.49233721695998,19.23577984936999
4.5625,19,78.38859573907001,53.542766010649984,24.84582972842003
4.5625,50,81.76255015947,62.53971289011,19.222837269359992
4.583333333,19,78.14507146998,53.7362846584067,24.408786811573293
4.583333333,50,81.69574833963001,62.47509911810664,19.220649221523374
4.604166667,19,77.86787328289,53.65666703024332,24.211206252646683
4.604166667,50,81.72919223976324,62.31457003117335,19.414622208589883
4.625,19,77.86787328289,53.37952035379991,24.48835292909009
4.625,50,81.65989241968657,62.168493231959964,19.491399187726607
4.645833333,19,77.62431770973996,53.20869040333332,24.415627306406634
4.645833333,50,81.50097856242333,62.19774657899328,19.303231983430045
4.666666667,19,77.62431770973996,53.21834358629,24.40597412344996
4.666666667,50,81.35954180322669,62.02969398014659,19.3298478230801
4.6875,19,77.48142091887001,52.94826548531,24.53315543356001
4.6875,50,81.36913948216666,61.872136931703345,19.497002550463314
4.708333333,19,77.34710908795506,53.22896053543665,24.118148552518413
4.708333333,50,81.21264406910332,61.71252537442664,19.50011869467668
4.729166667,19,77.363979166315,52.95388233130666,24.410096835008346
4.729166667,50,81.24705008225999,61.637594342069974,19.609455740190015
4.75,19,77.36387118885006,52.77597724927,24.587893939580056
4.75,50,81.16697414675669,61.46092518459003,19.706048962166655
4.770833333,19,77.22955935793499,52.95533364373333,24.274225714201656
4.770833333,50,81.18911543389,61.39352469551329,19.795590738376703
4.791666667,19,77.23783902832992,52.67401929561,24.563819732719914
4.791666667,50,81.29284865526328,61.03367542092659,20.259173234336693
4.8125,19,77.10352221074498,52.662921564850045,24.44060064589494
4.8125,50,80.96510725827333,61.05450748845332,19.910599769820017
4.833333333,19,77.10352221074498,52.435860681206655,24.66766152953833
4.833333333,50,81.24868440663663,60.87026480395999,20.378419602676637
4.854166667,19,77.49818301976501,52.516935969393295,24.981247050371714
4.854166667,50,81.15818173877669,60.71074920464332,20.44743253413337
4.875,19,77.48130795472997,52.613748650846674,24.867559303883297
4.875,50,81.01240163337324,60.70026990097665,20.312131732396594
4.895833333,19,77.48142091887001,52.70592166979335,24.775499249076667
4.895833333,50,81.21803360557992,60.54367678460331,20.674356820976605
4.916666667,19,77.20421229709001,52.796636306603354,24.407575990486656
4.916666667,50,81.39725022829327,60.37264102111336,21.024609207179914
4.9375,19,77.35528078088493,52.888809325546696,24.46647145533823
4.9375,50,81.4203609298233,60.369711875063295,21.050649054760008
4.958333333,19,77.22096894996997,52.990763760446725,24.230205189523247
4.958333333,50,81.51238282023667,60.36976654583665,21.14261627440002
4.979166667,19,77.22096894996997,53.203071146333286,24.017897803636686
4.979166667,50,81.62504706216664,60.366837399786654,21.25820966237999
5.0,19,77.33852412800496,53.22541523129333,24.11310889671163
5.0,50,81.5440271740166,60.37423387194997,21.169793302066637
5.020833333,19,77.36387118885006,53.15509198643,24.208779202420054
5.020833333,50,81.55542310291332,60.28210570218997,21.27331740072335
5.041666667,19,77.23783902832992,52.90734068168339,24.33049834664653
5.041666667,50,81.57908360375659,60.19291009223332,21.386173511523268
5.0625,19,77.12027886363006,52.9384744445033,24.181804419126763
5.0625,50,81.60485879790997,60.103659811506645,21.501198986403324
5.083333333,19,77.22096894996997,52.91333815888667,24.307630791083305
5.083333333,50,81.44403548835662,60.03625255704662,21.407782931309995
5.104166667,19,78.16131010775001,52.91575628916333,25.24555381858668
5.104166667,50,81.54597987989332,59.843555306689986,21.702424573203338
5.125,19,78.63145735157497,53.027143873929994,25.604313477644972
5.125,50,81.29641922156668,60.006872534959975,21.289546686606705
5.145833333,19,78.85816328233506,52.644785371283355,26.2133779110517
5.145833333,50,81.2306954075633,59.84753228271669,21.38316312484661
5.166666667,19,78.52223167789003,52.24351657036004,26.27871510752999
5.166666667,50,81.07232038777992,59.76959430317004,21.302726084609887
5.1875,19,78.22830629661502,51.94076684468663,26.28753945192839
5.1875,50,81.10518638311991,59.5208908799533,21.584295503166615
5.208333333,19,78.177854395015,51.637909212100034,26.53994518291497
5.208333333,50,80.85740999421004,59.463916911396645,21.3934930828134
5.229166667,19,77.88383876433494,51.25904571506999,26.62479304926495
5.229166667,50,80.70081080796668,59.01484697939338,21.685963828573293
5.25,19,77.43880858058998,51.13548497512329,26.303323605466687
5.25,50,80.55589638103329,59.037697602799994,21.518198778233298
5.270833333,19,77.12806123039496,50.86570166833334,26.262359562061626
5.270833333,50,80.2157042036066,58.527691713496665,21.68801249010994
5.291666667,19,76.83420482793503,50.697664354083294,26.13654047385173
5.291666667,50,80.35381085267655,58.66327423442002,21.690536618256523
5.3125,19,76.41426821563999,50.607501547223364,25.80676666841663
5.3125,50,80.46830045507663,58.40109111515998,22.06720933991665
5.333333333,19,75.97759674252,50.49809095287666,25.479505789643348
5.333333333,50,80.42186386086667,58.35150128477998,22.070362576086687
5.354166667,19,75.84334475169004,50.29704822701668,25.54629652467336
5.354166667,50,80.6135197496399,58.46998037434329,22.14353937529662
5.375,19,75.56625589814001,50.028624263426686,25.53763163471333
5.375,50,80.64625704876323,58.499229275306675,22.147027773456557
5.395833333,19,75.01207819103996,49.91985634590666,25.092221845133302
5.395833333,50,80.85294852629995,58.257750978189996,22.595197548109958
5.416666667,19,74.71827626871999,50.011984039393305,24.706292229326685
5.416666667,50,81.0559055296133,58.27649028699,22.7794152426233
5.4375,19,74.29011567405502,49.909407366683354,24.380708307371663
5.4375,50,80.8977293190167,58.298293442916666,22.59943587610004
5.458333333,19,73.85350911575,50.16460429925663,23.68890481649337
5.458333333,50,81.11239851586663,58.33781285998327,22.774585655883357
5.479166667,19,74.11387991385499,50.19892806464327,23.914951849211718
5.479166667,50,81.23734413776329,58.440249579173305,22.797094558589983
5.5,19,74.27352563082997,50.03074750695995,24.242778123870018
5.5,50,81.15902214135997,58.46189057803997,22.69713156332
5.520833333,19,73.99645312132003,50.60348178140331,23.39297133991672
5.520833333,50,81.34975771873992,58.493075350253356,22.856682368486567
5.541666667,19,74.16423248319501,50.43675319527665,23.727479287918356
5.541666667,50,81.3717799634233,58.51471634911669,22.857063614306604
5.5625,19,74.02997550569006,50.5461701050333,23.483805400656763
5.5625,50,81.47291283550994,58.533448897760046,22.9394639377499
5.583333333,19,74.04679571731498,50.373941559169985,23.672854158144993
5.583333333,50,81.58925405894998,58.73566151424662,22.853592544703353
5.604166667,19,74.08031810169001,50.38856179659001,23.6917563051
5.604166667,50,81.61290132795993,58.82783406284333,22.785067265116602
5.625,19,74.22314951639504,50.301424522383364,23.921724994011676
5.625,50,81.62152906540325,58.836285394563255,22.785243670839996
5.645833333,19,74.08031810169001,50.323704157933356,23.756613943756655
5.645833333,50,81.65591458261667,58.67844722865997,22.977467353956705
5.666666667,19,74.09702027443501,50.320161742226674,23.776858532208337
5.666666667,50,81.65743761876998,58.95948738582998,22.697950232939995
5.6875,19,73.95418341171495,50.43250506453993,23.52167834717502
5.6875,50,81.67956513921995,58.77799599139663,22.901569147823317
5.708333333,19,73.95418341171495,50.43396373635331,23.520219675361638
5.708333333,50,81.79315172888327,58.813009155049976,22.980142573833298
5.729166667,19,73.99627072128504,50.43250506453993,23.56376565674511
5.729166667,50,81.89334035195327,58.813009155049976,23.080331196903295
5.75,19,73.98770034807507,50.341822096569935,23.64587825150513
5.75,50,81.89486667570323,58.91256475651998,22.98230191918325
5.770833333,19,74.14736287043496,50.36264633836004,23.784716532074924
5.770833333,50,81.73388849092994,58.90211469697666,22.831773793953282
5.791666667,19,74.01308594623498,50.18419021617668,23.8288957300583
5.791666667,50,81.38554939470998,58.720660958773315,22.664888435936668
5.8125,19,73.88694036023497,50.01256321357331,23.874377146661665
5.8125,50,81.39873968654331,58.63134894044996,22.767390746093348
5.833333333,19,73.74409260148997,50.18419021617668,23.559902385313286
5.833333333,50,81.30813594708331,58.44989520224328,22.85824074484003
5.854166667,19,73.87836952568995,50.16957957222667,23.70878995346328
5.854166667,50,81.42238358650324,58.730945611906655,22.69143797459659
5.875,19,74.00439707281004,50.18419021617668,23.820206856633355
5.875,50,81.0561654379599,58.6416335935833,22.414531844376604
5.895833333,19,73.88694036023497,50.347406370516715,23.539533989718258
5.895833333,50,80.43925809015661,58.63027382286665,21.808984267289965
5.916666667,19,73.89506080240989,50.271337324556725,23.62372347785316
5.916666667,50,79.70979455135,58.53159336127999,21.178201190070013
5.9375,19,73.87836952568995,50.63199549522665,23.2463740304633
5.9375,50,79.18595841950996,58.606620265519915,20.579338153990044
5.958333333,19,74.02121728443495,50.55606003485665,23.465157249578304
5.958333333,50,78.72910226002664,58.70621027386661,20.022891986160026
5.979166667,19,74.05473422078995,50.847705875293364,23.20702834549659
5.979166667,50,78.19480586341997,58.78523780346992,19.409568059950054
6.0,19,74.19758742754999,50.855381423003415,23.342206004546576
6.0,50,77.82769975329329,58.86300805788661,18.964691695406678
6.020833333,19,74.33186933842006,51.73711957849999,22.59474975992007
6.020833333,50,77.29428251419331,58.8602578577434,18.434024656449914
6.041666667,19,74.46615124929502,52.15736316122335,22.308788088071672
6.041666667,50,77.03974640489662,58.95532149601335,18.08442490888327
6.0625,19,74.86059558192,52.31494113309001,22.545654448829985
6.0625,50,76.3232239237633,59.05307479164666,17.270149132116636
6.083333333,19,75.11275421635997,52.32444549699994,22.78830871936003
6.083333333,50,76.07229839243,59.05599688567005,17.01630150675995
6.104166667,19,75.20487171086,52.29001807903668,22.914853631823327
6.104166667,50,75.44726871524331,59.14548080909666,16.30178790614665
6.125,19,75.56580467114992,52.16656831554337,23.399236355606547
6.125,50,74.9216319160666,59.33829775422331,15.58333416184329
6.145833333,19,75.69192301708,51.978199685756714,23.713723331323287
6.145833333,50,74.40041980227,59.09222611256333,15.308193689706663
6.166666667,19,75.38984493895504,51.76052256843665,23.629322370518388
6.166666667,50,73.86520807951665,59.18154138023332,14.683666699283329
6.1875,19,75.36440541006499,51.51444317121658,23.849962238848413
6.1875,50,73.44329246713328,59.105591251756664,14.337701215376612
6.208333333,19,75.07920285831,51.25431646820001,23.824886390109988
6.208333333,50,72.83143187615333,59.11711627569332,13.714315600460012
6.229166667,19,75.06248434152502,51.11141494969335,23.951069391831673
6.229166667,50,72.40688576162329,59.05989924521331,13.346986516409977
6.25,19,74.50835926919996,51.154081238130026,23.35427803106993
6.25,50,71.97714065147325,58.88129641997,13.09584423150325
6.270833333,19,74.24799890578498,51.10050017829334,23.147498727491644
6.270833333,50,71.64669963182325,59.02738726605666,12.619312365766596
6.291666667,19,74.147407284895,51.17752869777329,22.969878587121705
6.291666667,50,71.29256259158656,58.942634440106644,12.349928151479915
6.3125,19,73.76101484903,51.09184318100332,22.669171668026685
6.3125,50,71.05269595647667,58.88539757349664,12.167298382980029
6.333333333,19,73.51742751047999,51.14704028989331,22.37038722058668
6.333333333,50,70.69179025650665,58.88539757349664,11.80639268301001
6.354166667,19,73.55950392401991,51.11459800648663,22.444905917533276
6.354166667,50,70.45189645995329,58.83379711532003,11.618099344633258
6.375,19,73.30730992152002,51.209275798596686,22.09803412292333
6.375,50,70.27230094630329,58.76518715178671,11.507113794516577
6.395833333,19,73.34080054049497,51.11089313300332,22.229907407491645
6.395833333,50,69.93225675322996,58.955186544373305,10.97707020885666
6.416666667,19,73.214622266415,51.19052242917004,22.024099837244968
6.416666667,50,69.94078070944666,58.90826049396003,11.032520215486628
6.4375,19,73.23129719909497,51.439175298746626,21.79212190034834
6.4375,50,69.77254795128333,58.91563341781667,10.856914533466657
6.458333333,19,73.11382552649997,51.46916094733334,21.644664579166623
6.458333333,50,69.62145163009332,59.01543123850331,10.606020391590008
6.479166667,19,73.25668962928495,51.581549708449984,21.675139920834965
6.479166667,50,69.52218487408659,59.12637746920666,10.395807404879932
6.5,19,73.13063077810494,51.592627770866706,21.53800300723824
6.5,50,69.17935492861325,59.14715440481666,10.03220052379659
6.520833333,19,73.16411096238,51.625531136983376,21.538579825396617
6.520833333,50,68.7558048744133,59.35032440169338,9.405480472719923
6.541666667,19,73.18078589506007,51.625531136983376,21.555254758076693
6.541666667,50,68.66420215387662,59.53944385413339,9.124758299743227
6.5625,19,73.03791089625003,51.63612368010998,21.401787216140043
6.5625,50,68.3885331321167,59.564136539383334,8.824396592733372
6.583333333,19,73.18078589506007,51.647201742526626,21.533584152533443
6.583333333,50,68.40067385016994,59.495565691399975,8.905108158769963
6.604166667,19,73.21426607934501,51.647201742526626,21.567064336818383
6.604166667,50,68.40067385016994,59.76629052354,8.634383326629937
6.625,19,73.10486036878996,51.490970784796595,21.613889583993362
6.625,50,68.15121228704989,59.60653244954661,8.544679837503274
6.645833333,19,73.10486036878996,51.474903078953275,21.629957289836682
6.645833333,50,67.88281449311667,59.706177861209994,8.176636631906675
6.666666667,19,73.08819088412503,51.490970784796595,21.597220099328432
6.666666667,50,67.63420416289323,59.901098833716674,7.733105329176553
6.6875,19,73.10486036878996,51.231488745699984,21.873371623089973
6.6875,50,67.36126264298328,59.83052636380334,7.530736279179941
6.708333333,19,72.98735877615496,51.22649561569998,21.76086316045498
6.708333333,50,67.27328812319998,59.82293979390666,7.450348329293313
6.729166667,19,73.12166562039494,51.22649561569998,21.895170004694954
6.729166667,50,67.02196450989,59.84368783278671,7.178276677103284
6.75,19,73.00402826082001,51.04859405242329,21.955434208396717
6.75,50,66.91999852926995,59.833273123766695,7.086725405503252
6.770833333,19,72.87780095462,50.86924114452995,22.00855981009005
6.770833333,50,66.56850172133989,60.025289250640036,6.543212470699849
6.791666667,19,72.74362535197992,50.686346451249925,22.05727890072999
6.791666667,50,66.38895226629329,59.856901227846606,6.5320510384466814
6.8125,19,72.58393873086999,50.87966925190327,21.704269478966715
6.8125,50,66.20851115103001,59.678218310649946,6.5302928403800635
6.833333333,19,72.60073400912489,50.776424518133275,21.824309490991617
6.833333333,50,65.87279586239329,59.58602258548668,6.286773276906608
6.854166667,19,72.74362535197992,50.929949176086666,21.81367617589325
6.854166667,50,65.66893838621661,59.69608953368337,5.9728488525332395
6.875,19,72.87780095462,50.72879877731331,22.14900217730669
6.875,50,65.7008582092866,59.77495188476333,5.925906324523261
6.895833333,19,72.87780095462,50.63808765926327,22.23971329535673
6.895833333,50,65.40813288651994,59.777877212933355,5.630255673586582
6.916666667,19,72.99544376220496,50.717727271009984,22.277716491194973
6.916666667,50,65.2370834431166,59.60672227645671,5.630361166659895
6.9375,19,73.00402826082001,50.71918917190661,22.284839088913394
6.9375,50,65.22766576106328,59.51447803896671,5.7131877220965706
6.958333333,19,73.00402826082001,50.97656253655661,22.0274657242634
6.958333333,50,65.05932709990661,59.514312796966614,5.545014302939997
6.979166667,19,73.121529853455,50.91887439172668,22.20265546172832
6.979166667,50,65.2370834431166,59.50402473007667,5.733058713039931
7.0,19,73.13833510505998,51.020811232826645,22.117523872233335
7.0,50,65.05839543380326,59.603676804846636,5.45471862895662
7.020833333,19,73.281226447915,51.14635951135332,22.134866936561686
7.020833333,50,65.14823533084666,59.864315892643354,5.283919438203306
7.041666667,19,73.281226447915,50.59752432403328,22.683702123881723
7.041666667,50,64.78820230353665,59.69299571416328,5.095206589373369
7.0625,19,73.121529853455,50.37571413462668,22.745815718828318
7.0625,50,64.70019567598331,59.942264756300006,4.757930919683304
7.083333333,19,73.51620968648996,50.25019042304999,23.266019263439965
7.083333333,50,64.61897961821323,59.69299571416328,4.92598390404995
7.104166667,19,73.38191281560006,50.08206528055666,23.299847535043398
7.104166667,50,64.33518995055992,59.69304081272666,4.642149137833265
7.125,19,73.07124986558,49.89216739046333,23.179082475116672
7.125,50,64.27780143940993,59.60384529619338,4.67395614321655
7.145833333,19,73.07124986558,49.83443714925662,23.236812716323378
7.145833333,50,64.0066172760833,59.42499388765331,4.581623388429996
7.166666667,19,72.77740804986496,49.40732928910999,23.37007876075497
7.166666667,50,63.55502297344996,59.61808547215336,3.9369375012965975
7.1875,19,72.36594383460493,49.352982921456714,23.01296091314822
7.1875,50,63.3156854727733,59.28144457994332,4.034240892829985
7.208333333,19,72.36594383460493,49.12963518644991,23.236308648155024
7.208333333,50,63.053972230129865,59.20650097751335,3.847471252616515
7.229166667,19,72.22306338777497,50.09283546574337,22.1302279220316
7.229166667,50,62.876234092283276,59.238592353509944,3.6376417387733326
7.25,19,71.97113275995997,50.02439087101667,21.9467418889433
7.25,50,62.52646940872322,58.91053602226001,3.6159333864632117
7.270833333,19,71.41636949883497,49.80321254817667,21.6131569506583
7.270833333,50,62.281308726163275,58.92188209304334,3.359426633119938
7.291666667,19,71.29884795950505,49.89393774126999,21.404910218235067
7.291666667,50,62.22334432278327,58.86166159687328,3.3616827259099864
7.3125,19,71.17258796522009,49.63087550010338,21.54171246511671
7.3125,50,61.97189544737,58.52026025641002,3.4516351909599834
7.333333333,19,70.91216510969497,49.6294207011033,21.282744408591668
7.333333333,50,61.98218987401996,58.652104575069984,3.3300852989499745
7.354166667,19,70.92878556223496,49.53103244220665,21.397753120028312
7.354166667,50,61.824051957696646,58.40272775720333,3.4213242004933164
7.375,19,70.79447871799499,49.53103244220665,21.26344627578834
7.375,50,61.836191601090036,58.50992757421329,3.3262640268767427
7.395833333,19,70.66834728534496,49.36434228622996,21.304004999115
7.395833333,50,61.76790209533332,58.36322895983005,3.4046731355032662
7.416666667,19,70.67693224529506,49.45151889711997,21.225413348175096
7.416666667,50,61.68748490020331,58.38198088375668,3.3055040164466263
7.4375,19,70.67637188190491,49.41515270250329,21.26121917940162
7.4375,50,61.71259195995659,58.40263927874332,3.309952681213268
7.458333333,19,70.66819693166002,49.40749291475663,21.26070401690339
7.458333333,50,61.721085730906644,58.52393359513004,3.197152135776605
7.479166667,19,70.50868513626,49.17307857681999,21.33560655944001
7.479166667,50,61.55262667988992,58.2528889615833,3.2997377183066163
7.5,19,70.36578834539495,49.19396616859657,21.17182217679838
7.5,50,61.74529026229997,58.48441058386337,3.260879678436595
7.520833333,19,70.34902298717992,48.873894259669974,21.475128727509947
7.520833333,50,61.58806622477001,58.49575665465003,3.09230957011998
7.541666667,19,70.44193530679507,48.894785851613356,21.547149455181717
7.541666667,50,61.58537753121001,58.68480384615331,2.900573685056699
7.5625,19,70.14799216952002,48.36516955387,21.782822615650026
7.5625,50,61.506744164196675,58.61902091558337,2.8877232486133053
7.583333333,19,69.955148582155,48.21180812699663,21.743340455158375
7.583333333,50,61.34771265140326,58.63788230248675,2.709830348916512
7.604166667,19,70.06465910092999,48.0438972275233,22.020761873406684
7.604166667,50,61.16537794953331,58.56165579984338,2.603722149689929
7.625,19,69.85507148606501,47.96713620494332,21.887935281121692
7.625,50,61.169915763743234,58.58327286873665,2.586642895006584
7.645833333,19,69.51124369908001,47.55009887931669,21.96114481976332
7.645833333,50,61.02958320954656,58.49006175316,2.5395214563865594
7.666666667,19,69.32704491175497,47.29061458632001,22.036430325434957
7.666666667,50,60.930375064073324,58.50433297250663,2.4260420915666927
7.6875,19,69.117531723725,47.12695906139667,21.990572662328326
7.6875,50,60.66938328426329,58.42523026158327,2.244153022680017
7.708333333,19,69.03426763394503,46.79097904863329,22.243288585311745
7.708333333,50,60.7833915287733,58.62761446663334,2.1557770621399612
7.729166667,19,68.57307889193004,46.43348134891994,22.139597543010098
7.729166667,50,60.60104320544993,58.45727429331331,2.143768912136622
7.75,19,68.229423507955,46.076038376403325,22.15338513155168
7.75,50,60.16882929794326,58.3781195459433,1.7907097519999624
7.770833333,19,68.28043412374001,45.53582607829003,22.74460804544998
7.770833333,50,59.89754339079661,58.196384701599946,1.7011586891966672
7.791666667,19,67.64330813551993,45.37233239229325,22.27097574322668
7.791666667,50,60.00039507210662,58.01758182211328,1.9828132499933417
7.8125,19,67.41741051681998,44.902815839026594,22.51459467779339
7.8125,50,59.729997484456625,57.94889633721334,1.7811011472432838
7.833333333,19,67.04063794397501,44.79307764228338,22.247560301691635
7.833333333,50,59.63837411389003,57.74834044708333,1.8900336668067013
7.854166667,19,66.82335456779498,44.3548428240133,22.468511743781676
7.854166667,50,59.35770829442333,57.57504436771338,1.7826639267099509
7.875,19,66.31253362312503,43.90020405313339,22.41232956999164
7.875,50,59.19517718405658,57.656027934463395,1.539149249593187
7.895833333,19,65.80997459977999,43.425452299986624,22.384522299793367
7.895833333,50,59.12860974667664,57.38475915810003,1.7438505885766062
7.916666667,19,65.72694736648992,43.15001449323336,22.576932873256567
7.916666667,50,59.036021127349954,57.21343505231331,1.8225860750366465
7.9375,19,65.3504565302,42.86736626340333,22.483090266796673
7.9375,50,58.76475265525661,57.01290243451994,1.7518502207366708
7.958333333,19,65.10830338780005,42.77450196731661,22.33380142048344
7.958333333,50,58.59446900061331,57.02133110018004,1.5731379004332666
7.979166667,19,64.73192326906502,42.42879309033674,22.30313017872828
7.979166667,50,58.68340306130998,56.942319671426695,1.7410833898832863
8.0,19,64.51488257066995,42.3657328093033,22.14914976136665
8.0,50,58.68340306130998,56.83121622409669,1.8521868372132886
8.020833333,19,64.289364379495,42.08596895564332,22.20339542385168
8.020833333,50,58.572788910969884,56.73890029772,1.8338886132498828
8.041666667,19,63.95482438822995,42.18805911281667,21.766765275413285
8.041666667,50,58.4144856275232,56.464845948833386,1.9496396786898131
8.0625,19,63.76256180489003,42.01128343993332,21.751278364956704
8.0625,50,58.33579781007662,56.400741464839975,1.9350563452366458
8.083333333,19,63.61199280206,41.72634028180331,21.88565252025669
8.083333333,50,58.2423596736032,56.408252767683244,1.8341069059199526
8.104166667,19,63.33539262151004,41.246923689896676,22.088468931613363
8.104166667,50,58.063596358216614,56.248250746583345,1.8153456116332691
8.125,19,63.31872201009497,41.02492296718666,22.29379904290831
8.125,50,57.81369549256991,56.258658564609995,1.555036927959918
8.145833333,19,63.159508728690014,40.88682086585671,22.2726878628333
8.145833333,50,57.55447619514663,55.987556696789966,1.5669194983566612
8.166666667,19,62.76553162234501,40.65112647243662,22.114405149908386
8.166666667,50,57.28046693334337,55.83342271046661,1.4470442228767624
8.1875,19,62.35488390458505,40.25890695515333,22.095976949431723
8.1875,50,56.839679221046595,55.81289352796,1.0267856930865946
8.208333333,19,62.09477296291499,40.02265526275338,22.072117700161606
8.208333333,50,56.56835964988996,55.56642700602337,1.0019326438665956
8.229166667,19,62.11141864096504,39.77379207028662,22.337626570678424
8.229166667,50,56.23879131788328,55.319885175306695,0.9189061425765885
8.25,19,61.57468074002503,39.61838836280996,21.95629237721507
8.25,50,56.07117596477667,55.25199133769005,0.8191846270866208
8.270833333,19,61.31453757161506,39.54236848769991,21.772169083915152
8.270833333,50,55.597690694009884,55.08361529229671,0.5140754017131712
8.291666667,19,61.20507173575999,39.468923228050016,21.73614850770997
8.291666667,50,55.27437936059994,54.55467210331324,0.7197072572867
8.3125,19,61.07100923852494,39.317161468443295,21.75384777008164
8.3125,50,55.212464212583235,54.35111922438997,0.8613449881932667
8.333333333,19,61.12055989018501,39.38281561464669,21.73774427553832
8.333333333,50,55.22180464634664,54.31235282235999,0.9094518239866503
8.354166667,19,61.12055989018501,39.43737071316332,21.68318917702169
8.354166667,50,54.95047582476002,54.05993872305328,0.8905371017067409
8.375,19,61.02769300696008,39.37788482868996,21.64980817827012
8.375,50,54.91072400408996,53.98821124987993,0.9225127542100253
8.395833333,19,60.910072561845084,39.32403354642997,21.58603901541511
8.395833333,50,54.93298280508327,53.8280999151533,1.1048828899299679
8.416666667,19,60.666476172629984,39.557579957886674,21.10889621474331
8.416666667,50,54.96631747491995,54.028440050330005,0.9378774245899422
8.4375,19,60.71599505887997,39.702684311489975,21.013310747389994
8.4375,50,54.96631747491995,53.66619276622665,1.3001247086932963
8.458333333,19,60.71599505887997,39.520167781933345,21.195827276946623
8.458333333,50,54.97739334376323,53.78642885514656,1.1909644886166717
8.479166667,19,60.76567813901994,39.73523933004336,21.030438808976577
8.479166667,50,54.7154142111566,53.897374402583296,0.8180398085733032
8.5,19,60.54699224403004,39.51052626937667,21.036465974653368
8.5,50,54.81911553123333,53.725965320543274,1.0931502106900552
8.520833333,19,60.29480081243497,39.55251993374335,20.742280878691624
8.520833333,50,54.73854745209659,53.554437353219974,1.1841100988766158
8.541666667,19,60.486923219504945,39.6651365299133,20.821786689591647
8.541666667,50,54.61901027355327,53.65691252753667,0.9620977460166031
8.5625,19,60.21017556932003,39.68669217653337,20.52348339278666
8.5625,50,54.56890535163662,53.49959060386675,1.069314747769873
8.583333333,19,60.39377505414001,39.726602990086654,20.667172064053354
8.583333333,50,54.60135204153664,53.59936396360001,1.0019880779366304
8.604166667,19,60.410380838799995,39.730135147333385,20.68024569146661
8.604166667,50,54.609683824333274,53.710309170993355,0.899374653339919
8.625,19,60.42682150690001,39.75153188960667,20.675289617293345
8.625,50,54.63094757323995,53.641419231526584,0.9895283417133669
8.645833333,19,60.4598679596549,39.779056451683346,20.680811507971555
8.645833333,50,54.65319964496663,53.63848395394996,1.0147156910166686
8.666666667,19,60.476308627749916,39.72594254557998,20.750366082169933
8.666666667,50,54.480991671879984,53.63848395394996,0.842507717930026
8.6875,19,60.098422484879904,39.465757216769966,20.63266526810994
8.6875,50,54.310575332826716,53.649768375056624,0.6608069577700917
8.708333333,19,60.26559081361489,39.40765127531328,20.857939538301615
8.708333333,50,54.218934753903376,53.49985947223335,0.7190752816700297
8.729166667,19,60.26559081361489,39.33168164727332,20.93390916634157
8.729166667,50,54.04758813904001,53.50165644852333,0.5459316905166816
8.75,19,60.02180567734496,39.17395589612337,20.84784978122159
8.75,50,53.968805028453325,53.33405464883674,0.6347503796165839
8.770833333,19,60.18091976775503,38.925783077043285,21.255136690711744
8.770833333,50,53.69474816419662,53.16248567153332,0.5322624926632997
8.791666667,19,59.93711376211496,38.759043396109895,21.178070366005066
8.791666667,50,53.51501240449992,53.16248567153332,0.3525267329666022
8.8125,19,59.526129454389945,38.871173057879936,20.65495639651001
8.8125,50,53.26584745386666,52.8941348887333,0.3717125651333646
8.833333333,19,59.41643941537001,38.808049920746726,20.60838949462328
8.833333333,50,53.33440144727657,52.80178141102999,0.5326200362465769
8.854166667,19,59.567010548775045,38.83439232417671,20.732618224598333
8.854166667,50,53.27689973933673,52.61893489626326,0.657964843073465
8.875,19,59.567010548775045,38.65028337329674,20.916727175478307
8.875,50,52.916539636499955,52.52946690927331,0.387072727226645
8.895833333,19,59.32315190835999,38.67325291344006,20.64989899491993
8.895833333,50,52.9944609443066,52.43711001781666,0.5573509264899457
8.916666667,19,59.64156930449002,38.68273129723995,20.958838007250073
8.916666667,50,53.00550986072665,52.25528513936664,0.7502247213600057
8.9375,19,59.63301997678997,38.61413446767665,21.018885509113318
8.9375,50,52.71191861098998,52.15257891813337,0.5593396928566108
8.958333333,19,59.65799362855006,38.81832916116665,20.839664467383407
8.958333333,50,52.81292656321,52.05190366308341,0.7610229001265907
8.979166667,19,59.808741697225,38.73814869695335,21.07059300027165
8.979166667,50,52.72395633898331,52.05190366308341,0.6720526758998986
9.0,19,59.54827634946497,38.86170784349338,20.686568505971593
9.0,50,52.72395633898331,51.77772514252331,0.9462311964599976
9.020833333,19,59.68244356684494,38.95923487221997,20.723208694624965
9.020833333,50,52.72395633898331,51.77772514252331,0.9462311964599976
9.041666667,19,59.85817618330003,38.981253913479954,20.876922269820078
9.041666667,50,52.906372551699974,51.857017881003344,1.04935467069663
9.0625,19,59.71544828085001,39.09484996049999,20.62059832035002
9.0625,50,53.00550986072665,51.857017881003344,1.1484919797233033
9.083333333,19,59.89118634532002,39.11621964424671,20.77496670107331
9.083333333,50,52.91473766860664,51.76466440330338,1.1500732653032628
9.104166667,19,59.90761066937495,39.0352327407633,20.872377928611648
9.104166667,50,52.82309020634,51.85407236215667,0.9690178441833268
9.125,19,59.76487187089998,38.79787362697001,20.96699824392997
9.125,50,52.629638522020024,51.77206821423332,0.8575703077867018
9.145833333,19,59.80643865400003,38.823418601863295,20.983020052136737
9.145833333,50,52.47297601198333,51.68266025538003,0.7903157566032988
9.166666667,19,59.69669413484502,38.50582029648998,21.19087383835504
9.166666667,50,52.19891240961658,51.52539083620002,0.6735215734165649
9.1875,19,59.42831980670002,38.2574890500567,21.17083075664332
9.1875,50,52.04134765347328,51.52539083620002,0.5159568172732634
9.208333333,19,59.14282041769496,37.998561835149985,21.14425858254498
9.208333333,50,51.58665290609,51.35794289670665,0.22871000938334873
9.229166667,19,58.882286091119965,37.77218807377661,21.110098017343354
9.229166667,50,51.223605620969956,51.281572251553335,-0.0579666305833797
9.25,19,58.781062363644935,37.516281318269954,21.26478104537498
9.25,50,51.055877838009984,51.114100875319956,-0.058223037309971915
9.270833333,19,58.50410962236498,37.275261832476566,21.228847789888412
9.270833333,50,50.79462815951323,50.94531399065996,-0.15068583114673118
9.291666667,19,58.520665540290054,37.37682097576999,21.143844564520066
9.291666667,50,50.393849036866605,50.78059658704657,-0.38674755017996176
9.3125,19,58.39429658573505,37.12841708786004,21.265879497875005
9.3125,50,50.29559120120996,50.61931662031335,-0.3237254191033898
9.333333333,19,58.260099448314975,37.14972588993336,21.110373558381617
9.333333333,50,50.13522570051657,50.266023529236655,-0.13079782872008394
9.354166667,19,58.150270528985004,37.084563357326715,21.06570717165829
9.354166667,50,49.97305087751332,50.27726000058999,-0.30420912307666725
9.375,19,58.150270528985004,37.193162412163325,20.95710811682168
9.375,50,49.91351823786655,50.11589730519332,-0.20237906732677402
9.395833333,19,58.18320764819492,37.204063459513314,20.97914418868161
9.395833333,50,49.937444203596634,50.05616487306668,-0.11872066947004356
9.416666667,19,58.18320764819492,37.24141587270666,20.941791775488262
9.416666667,50,49.85678080572328,49.78396552722669,0.07281527849659142
9.4375,19,58.216144767415074,37.33751276931995,20.878631998095123
9.4375,50,50.039217450609954,49.80247368991335,0.23674376069660497
9.458333333,19,58.23253095537501,37.531369793613294,20.701161161761718
9.458333333,50,50.06958447982663,49.717312633536686,0.3522718462899448
9.479166667,19,58.383298970739986,37.63981935647007,20.743479614269916
9.479166667,50,50.17226100728328,49.6381387374233,0.534122269859985
9.5,19,58.526086801335,37.93107209404335,20.595014707291647
9.5,50,50.36215912254992,49.64649864405999,0.7156604784899301
9.520833333,19,58.54264271925996,37.58152989032336,20.9611128289366
9.520833333,50,50.38529953307667,50.01737516508664,0.36792436799002814
9.541666667,19,58.57542599121001,37.690645424889986,20.884780566320025
9.541666667,50,50.28070671895333,49.83556584612995,0.4451408728233801
9.5625,19,58.57542599121001,37.80409196314,20.771334028070008
9.5625,50,50.29451386474667,49.86726693906337,0.42724692568329914
9.583333333,19,58.591981909130084,37.64629578140663,20.945686127723455
9.583333333,50,50.21206517832665,49.86726693906337,0.3447982392632767
9.604166667,19,58.47414648764499,37.927164641279965,20.54698184636502
9.604166667,50,50.12307194094998,49.787966016966685,0.3351059239832921
9.625,19,58.75916150716995,37.66826748565662,21.09089402151333
9.625,50,50.22675148048995,49.98841024067334,0.23834123981661293
9.645833333,19,58.624929463030014,37.58654406031663,21.03838540271338
9.645833333,50,50.14609522502659,49.90184833928671,0.24424688573988362
9.666666667,19,58.657877016929945,37.59744838572336,21.060428631206584
9.666666667,50,49.96363470629319,50.001431823316615,-0.037797117023423255
9.6875,19,58.54800950016505,37.61892351928335,20.929085980881702
9.6875,50,49.78297006902657,50.014693901803376,-0.23172383277680808
9.708333333,19,58.69082457082999,37.640235599416656,21.050588971413333
9.708333333,50,49.88664632097323,49.854245238320004,0.03240108265322306
9.729166667,19,58.41376748268004,37.553078656866624,20.86068882581342
9.729166667,50,49.88664632097323,49.93539638223664,-0.04875006126341219
9.75,19,58.430153670644984,37.58192153413332,20.848232136511662
9.75,50,49.62529800772999,49.764741508510006,-0.13944350078001833
9.770833333,19,58.589525120570045,37.494761313526624,21.09476380704342
9.770833333,50,49.623522808666586,49.764741508510006,-0.14121869984342084
9.791666667,19,58.46325553314995,37.24477548186329,21.218480051286654
9.791666667,50,49.352059108316666,49.67529587484997,-0.3232367665333058
9.8125,19,58.33681575442,37.164976208146676,21.171839546273326
9.8125,50,49.179696913573366,49.59599151654337,-0.4162946029700052
9.833333333,19,58.202563763590035,36.9871156664733,21.215448097116735
9.833333333,50,49.09069710100672,49.51680137369336,-0.4261042726866435
9.854166667,19,58.059737796895035,37.01801622411002,21.041721572785015
9.854166667,50,49.113697046089975,49.435639966060045,-0.32194291997006985
9.875,19,58.101233470604996,36.85054618062335,21.25068728998165
9.875,50,48.821129984483264,49.34613298690673,-0.5250030024234675
9.895833333,19,57.95840205589997,36.68211175295005,21.276290302949917
9.895833333,50,48.590884925393276,49.18762189896328,-0.5967369735700032
9.916666667,19,57.84068104962495,36.60246449497671,21.23821655464824
9.916666667,50,48.409286636306625,49.01700116897007,-0.6077145326634437
9.9375,19,57.705644580299975,36.78017302090999,20.925471559389983
9.9375,50,48.432127501156664,48.82387372625669,-0.39174622510002877
9.958333333,19,57.848481443020034,36.79621209670995,21.052269346310084
9.958333333,50,48.45232400389663,48.83509649768337,-0.3827724937867387
9.979166667,19,57.87343163349493,37.08417195258335,20.789259680911584
9.979166667,50,48.46242225527002,48.763133514143384,-0.30071125887336336
10.0,19,57.881392244840015,37.45178955834331,20.429602686496708
10.0,50,48.65498776347996,48.763133514143384,-0.10814575066342513
10.02083333,19,58.16707686630497,37.29794628406004,20.869130582244928
10.02083333,50,48.843095656843275,48.849701619076576,-0.0066059622333014545
10.04166667,19,58.19999856416001,37.217635947583325,20.982362616576687
10.04166667,50,48.660624958333266,48.95038372408661,-0.2897587657533478
10.0625,19,58.33427050168501,36.946127245096626,21.388143256588386
10.0625,50,48.50016090531991,48.8598258256466,-0.3596649203266935
10.08333333,19,58.057150805415006,37.24999156171331,20.807159243701697
10.08333333,50,48.43221990660326,48.67791107750005,-0.24569117089679082
10.10416667,19,58.073526097344995,37.24999156171331,20.823534535631687
10.10416667,50,48.45430641798987,48.59673600361335,-0.14242958562348207
10.125,19,57.972165422984915,37.181228238696654,20.79093718428826
10.125,50,48.44143190924664,48.59673600361335,-0.15530409436671277
10.14583333,19,58.106442347184895,36.84380458349998,21.262637763684914
10.14583333,50,48.28280348814326,48.60980215811329,-0.32699866997003113
10.16666667,19,57.972165422984915,36.671966712776644,21.30019871020827
10.16666667,50,48.01973922786325,48.51016788745002,-0.49042865958676884
10.1875,19,57.711560828575045,36.43420685182665,21.277353976748394
10.1875,50,47.48681163022999,48.33861129812336,-0.8517996678933741
10.20833333,19,57.44220246692004,36.000119332569966,21.44208313435007
10.20833333,50,47.30431698525664,48.1811519240033,-0.8768349387466614
10.22916667,19,57.173638645175004,35.92632471896999,21.247313926205017
10.22916667,50,47.05844173141994,48.01517470042999,-0.9567329690100479
10.25,19,57.04729555360001,35.76965769098001,21.277637862619997
10.25,50,46.52739175360326,47.74385134920002,-1.2164595955967599
10.27083333,19,56.92936215593494,35.692049392446656,21.237312763488283
10.27083333,50,46.4357029912799,47.665646764976636,-1.229943773696732
10.29166667,19,56.80300862966993,35.34656874832331,21.456439881346625
10.29166667,50,46.16318135921998,47.58630138545993,-1.4231200262399497
10.3125,19,56.542189798505035,35.26396627720669,21.278223521298344
10.3125,50,45.90363241413331,47.24692784840996,-1.3432954342766479
10.33333333,19,56.542189798505035,35.19446491897671,21.34772487952832
10.33333333,50,45.7863642383766,47.07821303376003,-1.2918487953834301
10.35416667,19,56.39931479968999,35.30855606950998,21.090758730180006
10.35416667,50,45.81742920963992,47.004175783543324,-1.186746573903406
10.375,19,56.43216299338991,35.31892895849668,21.11323403489323
10.375,50,45.566884711179945,46.732768352613334,-1.165883641433389
10.39583333,19,56.29786612250001,35.24863571883672,21.049230403663294
10.39583333,50,45.49720484257326,46.76434204299998,-1.267137200426717
10.41666667,19,56.314372173684944,35.51877855751665,20.795593616168297
10.41666667,50,45.60799645397659,46.67193053143664,-1.063934077460047
10.4375,19,56.18782343468496,35.269870109973304,20.917953324711654
10.4375,50,45.68942602703995,46.32107693499669,-0.6316509079567396
10.45833333,19,56.21290853647491,34.92000639224337,21.29290214423154
10.45833333,50,45.33618066899995,46.51756906860999,-1.1813883996100358
10.47916667,19,56.086354349459896,34.94123401875004,21.145120330709858
10.47916667,50,45.34533198067663,46.25733341932342,-0.9120014386467901
10.5,19,55.95204750521992,34.860061779689964,21.09198572552996
10.5,50,45.177441965196635,46.177887265043296,-1.0004452998466604
10.52083333,19,55.9685435830599,34.69295771837665,21.27558586468325
10.52083333,50,45.19842962559327,45.99887458325994,-0.8004449576666701
10.54166667,19,55.84197850001493,34.717882696959954,21.124095803054978
10.54166667,50,44.93789563807328,45.916780691303266,-0.9788850532299875
10.5625,19,55.71557778699008,34.735566163236626,20.980011623753455
10.5625,50,44.859021791666656,45.937992854026675,-1.0789710623600186
10.58333333,19,55.61407287237495,34.64834693761001,20.96572593476494
10.58333333,50,44.76898124690998,45.766352650699936,-0.9973714037899555
10.60416667,19,55.866395669095084,34.410398938269964,21.45599673082512
10.60416667,50,44.7918713165933,45.77637305369334,-0.9845017371000395
10.625,19,55.61407287237495,34.5011558002033,21.112917072171648
10.625,50,44.530308590243294,45.797885835559974,-1.26757724531668
10.64583333,19,55.48766172465497,34.143742559643364,21.343919165011606
10.64583333,50,44.26062253245667,45.5264279754266,-1.2658054429699277
10.66666667,19,55.36965029750496,33.79899989661999,21.570650400884972
10.66666667,50,43.996352107206654,45.36865677002337,-1.3723046628167168
10.6875,19,55.092415819674954,33.36182731135333,21.730588508321624
10.6875,50,43.73567742248326,45.378915118080045,-1.6432376955967811
10.70833333,19,54.81518134184995,33.01120742021999,21.80397392162996
10.70833333,50,43.38235044373001,45.017897949189965,-1.6355475054599538
10.72916667,19,54.57929838553508,32.93335588292674,21.645942502608342
10.72916667,50,42.94010069292665,44.74643000096993,-1.8063293080432814
10.75,19,54.29347211572002,33.21390517764333,21.079566938076688
10.75,50,42.95461327085328,44.502196734893346,-1.5475834640400663
10.77083333,19,54.44427503780497,33.14498432432,21.29929071348497
10.77083333,50,43.14630462679994,44.43388522557336,-1.287580598773424
10.79166667,19,54.46915042817005,33.14498432432,21.324166103850054
10.79166667,50,42.95641358034334,44.34771402092334,-1.3913004405800038
10.8125,19,54.342698003049975,33.15532583414006,21.187372168909917
10.8125,50,42.80668593344998,44.35887856765002,-1.5521926342000398
10.83333333,19,54.342698003049975,32.986872219889996,21.35582578315998
10.83333333,50,42.71764338216659,44.38028521569667,-1.662641833530074
10.85416667,19,54.358991574779964,33.08992974559669,21.269061829183272
10.85416667,50,42.64873981127994,44.28784639408002,-1.639106582800082
10.875,19,54.358991574779964,33.02987870061005,21.329112874169915
10.875,50,42.55789349998994,44.11302809603334,-1.555134596043402
10.89583333,19,53.95526293307995,33.127455617826705,20.827807315253246
10.89583333,50,42.659642655299955,43.93108885226665,-1.2714461969666928
10.91666667,19,54.114475087735,33.39234613980663,20.722128947928375
10.91666667,50,42.659642655299955,43.96831486891335,-1.3086722136133986
10.9375,19,54.265287983165024,33.60255081009003,20.662737173074994
10.9375,50,42.76330914659335,43.96254800676339,-1.1992388601700412
10.95833333,19,54.42451103384502,33.60255081009003,20.821960223754992
10.95833333,50,42.774219931829975,43.869854238649964,-1.0956343068199885
10.97916667,19,54.52609804194498,33.80192703168003,20.724171010264946
10.97916667,50,42.865963760899945,44.05915574206002,-1.1931919811600764
11.0,19,54.685498665364946,33.94822457144998,20.73727409391497
11.0,50,42.96682909249663,44.048913640739976,-1.082084548243344
11.02083333,19,54.701797685109966,34.34898310396329,20.352814581146674
11.02083333,50,43.15955143952332,44.148525127126696,-0.9889736876033766
11.04166667,19,54.852625540554925,34.49531473978004,20.357310800774883
11.04166667,50,43.17316045049002,44.25122295444328,-1.0780625039532552
11.0625,19,55.02834106642496,34.29522789554668,20.733113170878276
11.0625,50,43.36308844854663,44.24827091117,-0.8851824626233764
11.08333333,19,55.02834106642496,34.251508059906655,20.776833006518302
11.08333333,50,43.453038525623356,44.43850838427333,-0.9854698586499708
11.10416667,19,54.90169971119502,34.294867675353316,20.606832035841705
11.10416667,50,43.65848904818328,44.62052307898,-0.9620340307967226
11.125,19,55.036061408845,34.52058447088666,20.51547693795834
11.125,50,43.5794627644666,44.72027878669667,-1.1408160222300694
11.14583333,19,55.17900723183499,34.689214238776685,20.489792993058302
11.14583333,50,43.67943598946658,44.809844254103346,-1.1304082646367632
11.16666667,19,55.15412408674996,34.66783366113335,20.48629042561661
11.16666667,50,43.77852110905993,44.74170888271666,-0.9631877736567276
11.1875,19,55.574366534354965,34.75810486747999,20.816261666874972
11.1875,50,43.800483052003266,44.84422070455332,-1.0437376525500568
11.20833333,19,55.42351873220997,34.69421809522669,20.729300636983282
11.20833333,50,43.72053741878998,44.95810669097337,-1.2375692721833929
11.22916667,19,55.30564313905501,34.53307440052663,20.772568738528378
11.22916667,50,43.38174717239667,45.14837103702996,-1.7666238646332886
11.25,19,55.17900723183499,34.52075422934331,20.658253002491676
11.25,50,43.31362165705658,45.06911200243663,-1.7554903453800534
11.27083333,19,55.440004836704986,34.53160610584329,20.9083987308617
11.27083333,50,43.23197543733329,45.103488946113316,-1.8715135087800263
11.29166667,19,55.440004836704986,34.33773702318664,21.102267813518345
11.29166667,50,43.062065881886646,45.03539805886328,-1.9733321769766334
11.3125,19,55.17900723183499,34.54262774079666,20.636379491038326
11.3125,50,42.81318248210331,45.15929306528002,-2.34611058317671
11.33333333,19,55.17900723183499,34.34257136188997,20.836435869945014
11.33333333,50,42.642357918883285,45.06976865702999,-2.4274107381467047
11.35416667,19,54.893115585855014,34.23199042107664,20.661125164778376
11.35416667,50,42.4825266161666,44.991358515213314,-2.5088318990467116
11.375,19,55.036061408845,34.573274692966685,20.462786715878316
11.375,50,42.32450622185331,44.929452671339995,-2.6049464494866825
11.39583333,19,55.036061408845,34.47001027540667,20.56605113343833
11.39583333,50,42.246324734606596,44.871407758169916,-2.6250830235633202
11.41666667,19,54.90959670367505,34.6276081249467,20.281988578728352
11.41666667,50,42.35823022553662,44.81041771904662,-2.452187493509996
11.4375,19,54.90959670367505,34.56246996810993,20.34712673556512
11.4375,50,42.460902483909955,44.9240683949267,-2.4631659110167448
11.45833333,19,55.02747728350499,34.46488524367669,20.562592039828303
11.45833333,50,42.460902483909955,45.110574651936645,-2.64967216802669
11.47916667,19,55.15412408674996,34.65321979252326,20.5009042942267
11.47916667,50,42.58460831806667,45.04221444731331,-2.457606129246642
11.5,19,55.011183711775004,34.419468161526616,20.591715550248388
11.5,50,42.503744040119955,45.04939521602663,-2.545651175906677
11.52083333,19,54.72598418532499,34.75715048548333,19.96883369984166
11.52083333,50,42.59282604252326,45.067943321819975,-2.475117279296718
11.54166667,19,54.56675568662996,34.95800314623663,19.608752540393333
11.54166667,50,42.43566067054659,45.17048586746671,-2.73482519692012
11.5625,19,54.844234870664934,34.99963267927334,19.844602191391594
11.5625,50,42.53747177594327,45.112367599753306,-2.5748958238100386
11.58333333,19,54.86910167170498,35.02152002506667,19.84758164663831
11.58333333,50,42.65116188622661,45.30177554115998,-2.650613654933366
11.60416667,19,54.72616674474506,34.77462660294009,19.95154014180497
11.60416667,50,42.46757786128327,45.143853791616685,-2.676275930333418
11.625,19,54.74264287589,34.714623311996625,20.028019563893373
11.625,50,42.29310641802666,45.34332775253995,-3.0502213345132887
11.64583333,19,54.767510138274986,34.837637259400026,19.92987287887496
11.64583333,50,42.21950241038993,45.1671067841933,-2.9476043738033724
11.66666667,19,54.64104090776999,34.57821619627331,20.06282471149668
11.66666667,50,41.96774947386999,45.17828160586665,-3.2105321319966578
11.6875,19,54.64104090776999,34.512348077966635,20.128692829803356
11.6875,50,41.86414019729333,45.006229887960025,-3.142089690666694
11.70833333,19,54.39648314331504,34.4419688285033,19.95451431481174
11.70833333,50,41.71874526619664,45.120150329540024,-3.4014050633433826
11.72916667,19,54.412771267035,34.28579548757663,20.12697577945837
11.72916667,50,41.53604952329662,44.94097421451007,-3.404924691213452
11.75,19,54.28628615382996,34.486501271896564,19.799784881933398
11.75,50,41.265160676346646,44.9510369734567,-3.685876297110056
11.77083333,19,54.16818718518999,34.22721908486665,19.940968100323346
11.77083333,50,41.19612841713994,44.789214030663324,-3.5930856135233853
11.79166667,19,54.16818718518999,34.16717451621995,20.00101266897004
11.79166667,50,41.107029976766626,44.71082334429999,-3.6037933675333633
11.8125,19,54.06654440100493,34.079912675856654,19.98663172514828
11.8125,50,41.02522952384993,44.638611030953335,-3.613381507103405
11.83333333,19,53.92358223397497,34.02485292086999,19.89872931310498
11.83333333,50,40.85609448583,44.731121541463345,-3.875027055633346
11.85416667,19,54.06654440100493,34.04104161667002,20.02550278433491
11.85416667,50,40.596179909063345,44.48082514159663,-3.8846452325332876
11.875,19,53.956315646115,33.684115154410016,20.272200491704986
11.875,50,40.42613609305329,44.29868742608668,-3.8725513330333925
11.89583333,19,53.662684633705055,33.972271724483335,19.69041290922172
11.89583333,50,40.33522913880669,44.30891977936665,-3.9736906405599584
11.91666667,19,53.678956413380035,33.80856713968334,19.870389273696695
11.91666667,50,40.25620868324999,44.05842353213328,-3.8022148488832954
11.9375,19,53.695407611159965,34.00928645326993,19.686121157890035
11.9375,50,40.16530172900332,44.065707644816676,-3.9004059158133586
11.95833333,19,53.711679390834945,33.93156858501334,19.780110805821607
11.95833333,50,40.00612809197995,43.98618440195995,-3.98005630998
11.97916667,19,53.84607599520001,34.029188534003275,19.816887461196735
11.97916667,50,39.91702307642,43.997345523706635,-4.080322447286633
12.0,19,53.56870632777992,34.084698183943296,19.484008143836625
12.0,50,39.83799267662664,43.81525582768332,-3.9772631510566825
12.02083333,19,53.59372899757494,34.49995995194998,19.09376904562496
12.02083333,50,39.940641859956635,43.91487046209329,-3.9742286021366553
12.04166667,19,53.878803959330014,34.35405374070668,19.524750218623332
12.04166667,50,39.76971933719998,44.00739121387335,-4.237671876673367
12.0625,19,54.03823865484998,34.47277325217328,19.565465402676693
12.0625,50,39.76971933719998,43.91487046209329,-4.14515112489331
12.08333333,19,53.92010930483008,34.640500727396635,19.279608577433443
12.08333333,50,39.767913947999965,43.92202227666329,-4.154108328663327
12.10416667,19,53.95283773030002,34.58186474647331,19.37097298382671
12.10416667,50,39.520648557216646,43.75304531889329,-4.232396761676647
12.125,19,53.95283773030002,34.50041194829328,19.452425782006742
12.125,50,39.346950028709976,43.75298072385002,-4.406030695140046
12.14583333,19,53.851149604709974,34.44127516197,19.409874442739977
12.14583333,50,39.37061696556998,43.93626068776996,-4.5656437221999795
12.16666667,19,53.724426529275036,34.47769101587331,19.246735513401724
12.16666667,50,39.29052983212333,43.853778798639986,-4.563248966516653
12.1875,19,53.75714452005997,34.471643280296654,19.285501239763313
12.1875,50,38.83864311036003,43.95653206810664,-5.117888957746608
12.20833333,19,53.49615845561999,34.201147463903375,19.295010991716616
12.20833333,50,38.76867501385664,43.788473779496634,-5.019798765639997
12.22916667,19,53.521009462025006,33.67431859591329,19.846690866111715
12.22916667,50,38.50763669241663,43.79575467650659,-5.288117984089958
12.25,19,53.528691118945005,33.63811559661,19.890575522335006
12.25,50,38.16848827674331,43.54832968585337,-5.379841409110057
12.27083333,19,53.22621660018007,33.520097306046715,19.70611929413335
12.27083333,50,38.00742474255329,43.490095475090015,-5.482670732536725
12.29166667,19,53.487393901429925,33.237184765443395,20.25020913598653
12.29166667,50,37.747403314033285,43.42181590297662,-5.6744125889433334
12.3125,19,53.209961164545064,33.13406036928003,20.075900795265035
12.3125,50,37.68910365327997,43.34244252661002,-5.65333887333005
12.33333333,19,53.209961164545064,33.0364316287067,20.173529535838362
12.33333333,50,37.53902480799328,43.2740393281667,-5.735014520173422
12.35416667,19,53.209961164545064,33.150065255560015,20.059895908985048
12.35416667,50,37.36712775894,43.38499918939999,-6.017871430459991
12.375,19,52.932528427659975,33.35149486992335,19.581033557736625
12.375,50,37.39248329255664,43.052073486096674,-5.6595901935400335
12.39583333,19,52.948964665415076,33.32966845478003,19.61929621063505
12.39583333,50,37.322313091166656,43.0834658002467,-5.761152709080044
12.41666667,19,52.78185690230492,33.150065255560015,19.631791646744908
12.41666667,50,37.34495637616002,43.10482607925667,-5.759869703096648
12.4375,19,52.67152694186001,33.04094421948336,19.63058272237665
12.4375,50,37.34495637616002,43.133287191893295,-5.788330815733275
12.45833333,19,52.361423862295,33.21149896693328,19.14992489536172
12.45833333,50,37.09484198850324,42.971373989586596,-5.876532001083355
12.47916667,19,52.36927089997499,33.25820484933001,19.11106605064498
12.47916667,50,37.0247992537733,42.99254661902663,-5.967747365253331
12.5,19,52.39427639111494,33.131875646753315,19.262400744361628
12.5,50,36.94555461537001,42.8417014355133,-5.896146820143294
12.52083333,19,52.402850631175,33.15014688890998,19.25270374226502
12.52083333,50,36.86449022474994,42.7621063466133,-5.897616121863358
12.54166667,19,52.29250524936998,32.80313230722337,19.48937294214661
12.54166667,50,36.52790392352998,43.05512994272336,-6.527226019193378
12.5625,19,52.29250524936998,32.736941522496714,19.555563726873267
12.5625,50,35.992075538916616,42.806382811979994,-6.814307273063378
12.58333333,19,52.04770748711502,32.49854526265335,19.549162224461668
12.58333333,50,35.91107504647331,42.73792828370002,-6.8268532372267146
12.60416667,19,51.77882451826002,32.585875942209974,19.19294857605005
12.60416667,50,35.66171574303993,42.658271047420044,-6.9965553043801165
12.625,19,51.80288885547503,32.507412405863306,19.295476449611726
12.625,50,35.76540046927664,42.500301877456685,-6.734901408180043
12.64583333,19,51.65986676029496,32.519671836736656,19.140194923558305
12.64583333,50,35.50338143241663,42.42795498675662,-6.924573554339986
12.66666667,19,51.962144594234985,32.36858548115,19.593559113084986
12.66666667,50,35.23141213606334,42.33832782903994,-7.1069156929765995
12.6875,19,51.71730509322998,32.10835544817337,19.60894964505661
12.6875,50,35.05845299115333,42.26996921878666,-7.211516227633332
12.70833333,19,51.43982064424489,31.859590667566636,19.580229976678254
12.70833333,50,34.81718677191001,42.0904748768933,-7.273288104983294
12.72916667,19,51.305369186474934,31.679916752499974,19.62545243397496
12.72916667,50,34.36508553203328,41.825886911539975,-7.460801379506698
12.75,19,51.06049339472992,31.339578829346692,19.720914565383225
12.75,50,34.01304936476996,41.56393870835333,-7.550889343583364
12.77083333,19,51.06049339472992,31.170874040719962,19.889619354009955
12.77083333,50,33.662644741379914,41.31334420807332,-7.650699466693403
12.79166667,19,50.656166475355064,31.170874040719962,19.485292434635102
12.79166667,50,33.49243889302996,41.155200928526675,-7.662762035496712
12.8125,19,50.52950895914995,31.20793250079335,19.3215764583566
12.8125,50,33.24215960743326,40.88523655565999,-7.643076948226735
12.83333333,19,50.52950895914995,31.38549037437997,19.14401858476998
12.83333333,50,33.25650575428995,40.98598716031669,-7.729481406026743
12.85416667,19,50.69656270346496,31.30912271436667,19.387439989098294
12.85416667,50,33.25379877561659,41.00734195401003,-7.753543178393443
12.875,19,50.721352024429905,31.49460972553,19.226742298899904
12.875,50,33.09447370131321,40.93200008790666,-7.837526386593446
12.89583333,19,50.721352024429905,31.417562535143286,19.30378948928662
12.89583333,50,33.18535776843995,40.67118159976337,-7.485823831323422
12.91666667,19,50.88841620343504,31.25011144654665,19.63830475688839
12.91666667,50,33.02602940654325,40.57859598660665,-7.552566580063399
12.9375,19,50.73773839545498,31.076392642356723,19.66134575309826
12.9375,50,32.94578392759657,40.41647011920005,-7.470686191603477
12.95833333,19,50.610884567694995,31.08668882672335,19.524195740971646
12.95833333,50,32.85661316016657,40.41358953097002,-7.556976370803454
12.97916667,19,50.610884567694995,31.357283861703383,19.253600705991612
12.97916667,50,32.6764680574266,40.23110244288671,-7.554634385460112
13.0,19,50.929603252789946,31.320223926806648,19.609379325983298
13.0,50,32.78815210158996,40.2682700160866,-7.480117914496645
13.02083333,19,50.643471894215,31.432890542399946,19.21058135181505
13.02083333,50,32.51612572961665,40.43645225931334,-7.920326529696695
13.04166667,19,50.50899550307503,31.27090716595664,19.238088337118388
13.04166667,50,32.60800034220332,40.35390821724335,-7.745907875040032
13.0625,19,50.684648970225055,30.804441744910037,19.88020722531502
13.0625,50,32.25220466773661,40.356799046743355,-8.104594379006741
13.08333333,19,50.54157784292005,30.648792874543386,19.892784968376663
13.08333333,50,31.91529446761327,39.995202774620076,-8.079908307006807
13.10416667,19,50.24764894012998,30.275771006170014,19.971877933959963
13.10416667,50,31.823416413353282,39.91364567240995,-8.090229259056667
13.125,19,50.198881527479955,30.075812417379968,20.123069110099987
13.125,50,31.391091151163323,39.74433449973333,-8.353243348570004
13.14583333,19,50.0558212962049,29.983650404586722,20.072170891618175
13.14583333,50,31.220730928959977,39.65480593549338,-8.434075006533401
13.16666667,19,50.023254839059916,30.00892820662337,20.014326632436546
13.16666667,50,31.139641679239958,39.576193719526636,-8.436552040286678
13.1875,19,49.61905026574499,29.95006544531998,19.66898482042501
13.1875,50,31.0801184605167,39.58635458716659,-8.506236126649888
13.20833333,19,49.62763364453991,29.771838116236648,19.855795528303265
13.20833333,50,30.892755999909923,39.418084564279944,-8.525328564370021
13.22916667,19,49.644000068864955,29.376232914696704,20.26776715416825
13.22916667,50,30.627886622586555,39.35671979026002,-8.728833167673468
13.25,19,49.22341411120004,29.083950438263326,20.139463672936717
13.25,50,30.10540611399661,38.884124453039966,-8.778718339043355
13.27083333,19,49.239587826635045,28.872091557110025,20.36749626952502
13.27083333,50,30.04673970070333,38.81182401029662,-8.765084309593288
13.29166667,19,48.92952648581496,28.569079663609955,20.360446822205006
13.29166667,50,29.60425532947325,38.76440283998662,-9.160147510513372
13.3125,19,48.66058367687998,28.16478052657332,20.49580315030666
13.3125,50,29.353794545053233,38.402923277183355,-9.049128732130121
13.33333333,19,48.09694792263002,27.660959941973335,20.435987980656687
13.33333333,50,29.000480388716635,38.33431137933004,-9.333830990613404
13.35416667,19,47.80327525953504,27.509085795723347,20.294189463811694
13.35416667,50,28.73915498847661,38.09343363224324,-9.35427864376663
13.375,19,47.61141188836501,26.926955172650043,20.68445671571497
13.375,50,28.38689755426996,37.948152975159964,-9.561255420890003
13.39583333,19,47.59527086101508,26.58745985028001,21.00781101073507
13.39583333,50,28.308361961393302,37.75583844472995,-9.44747648333665
13.41666667,19,47.28530389372003,26.373243124713326,20.9120607690067
13.41666667,50,28.236248045550003,37.606495050470016,-9.370247004920014
13.4375,19,47.10980925357495,26.097944506106614,21.011864747468337
13.4375,50,27.966846046273304,37.25003957932665,-9.28319353305335
13.45833333,19,46.94290113354003,25.985491961683312,20.95740917185672
13.45833333,50,27.71711887747665,37.26287857972992,-9.545759702253271
13.47916667,19,46.877987809009994,25.82940932830661,21.048578480703384
13.47916667,50,27.54405564240335,36.997917489549955,-9.453861847146605
13.5,19,46.70252539560494,25.695824911683303,21.006700483921634
13.5,50,27.36384734224661,36.91635612232998,-9.552508780083368
13.52083333,19,46.53584451790499,25.78627170894333,20.74957280896166
13.52083333,50,27.294308349586572,36.75406384173664,-9.459755492150066
13.54166667,19,46.22598235882498,25.82906431673003,20.39691804209495
13.54166667,50,27.11409339278657,36.66438530928664,-9.550291916500065
13.5625,19,46.38528832352,25.748978224273362,20.63631009924664
13.5625,50,27.024886461829965,36.59182388398665,-9.566937422156684
13.58333333,19,46.10786740533996,25.77061784730002,20.33724955803994
13.58333333,50,26.841969406686644,36.31977117803668,-9.477801771350038
13.60416667,19,46.267168383355,25.893318101313298,20.3738502820417
13.60416667,50,26.686803327340005,36.23002699653667,-9.543223669196667
13.625,19,46.267168383355,26.083841035590012,20.183327347764987
13.625,50,26.79036054233332,36.15838840178992,-9.3680278594566
13.64583333,19,46.27473470931005,26.196318211333317,20.078416497976736
13.64583333,50,26.968780979436662,36.337814540723265,-9.369033561286603
13.66666667,19,46.29960463758499,26.039829420176677,20.259775217408315
13.66666667,50,26.788559365993326,36.427558722226614,-9.638999356233288
13.6875,19,46.291051266899956,26.15231035538007,20.138740911519886
13.6875,50,26.894769422856672,36.44873896997664,-9.553969547119966
13.70833333,19,46.59317110844489,26.17346682671329,20.4197042817316
13.70833333,50,26.89207389969666,36.44579094664334,-9.553717046946684
13.72916667,19,46.482612046224915,26.17346682671329,20.309145219511624
13.72916667,50,26.80105913574664,36.35498022814329,-9.55392109239665
13.75,19,46.61705851732489,26.20584407565995,20.411214441664942
13.75,50,26.7216926389533,36.18365435006334,-9.461961711110042
13.77083333,19,46.24615037157997,26.20231353399663,20.043836837583342
13.77083333,50,26.638610063996605,36.17259597778665,-9.533985913790044
13.79166667,19,46.51505328713,26.319320002036648,20.195733285093354
13.79166667,50,26.65032232023331,36.18660578715666,-9.536283466923347
13.8125,19,46.396726512665,26.24864720753999,20.14807930512501
13.8125,50,26.752865945023284,36.17548536644332,-9.422619421420034
13.83333333,19,46.54749452802997,26.442549119439946,20.104945408590027
13.83333333,50,26.561105526493254,36.20370259862667,-9.642597072133416
13.85416667,19,46.56361921134004,26.189678880056665,20.373940331283375
13.85416667,50,26.45935292950992,36.19647677491332,-9.737123845403403
13.875,19,46.445474337810026,26.3888293783034,20.056644959506627
13.875,50,26.4807151782566,36.29634283189,-9.815627653633403
13.89583333,19,46.18411004680996,26.67025490806668,19.51385513874328
13.89583333,50,26.67624908885,36.11690676927996,-9.440657680429958
13.91666667,19,46.61218513555997,26.604584241986686,20.007600893573283
13.91666667,50,26.67624908885,36.11395191842996,-9.437702829579962
13.9375,19,46.477723704434936,26.696910670173338,19.780813034261598
13.9375,50,26.587029007516623,36.20370259862667,-9.616673591110047
13.95833333,19,46.75521812676499,26.79448544400672,19.960732682758266
13.95833333,50,26.769962980543255,36.29634283189,-9.526379851346746
13.97916667,19,46.78766481567999,27.090203981193326,19.697460834486662
13.97916667,50,26.699423155949905,36.37609517811336,-9.676672022163455
14.0,19,46.922131233475,27.30032203291671,19.62180920055829
14.0,50,26.780711283829948,36.38313866123997,-9.60242737741002
14.02083333,19,47.081491216960046,27.613724232133336,19.46776698482671
14.02083333,50,27.07520890232335,36.38313866123997,-9.307929758916618
14.04166667,19,47.37514208800002,27.993299532616675,19.381842555383344
14.04166667,50,27.350065598726662,36.753079433690004,-9.403013834963343
14.0625,19,47.652657379704976,28.035995062859985,19.61666231684499
14.0625,50,27.542877483533328,36.655214957113344,-9.112337473580016
14.08333333,19,47.68513537268001,28.027788848273303,19.657346524406705
14.08333333,50,27.54412445117335,36.845719666953336,-9.301595215779987
14.10416667,19,47.819421734900004,28.477133884996572,19.342287849903432
14.10416667,50,26.907884823786656,36.75603085955667,-9.84814603577001
14.125,19,47.94632459478004,28.670353868229995,19.275970726550042
14.125,50,27.178200167553353,34.46545832154997,-7.287258153996614
14.14583333,19,47.99514952673502,28.93925186993336,19.05589765680166
14.14583333,50,27.288997339139996,34.82001064915331,-7.531013310013314
14.16666667,19,47.99514952673502,28.981984565759983,19.013164960975036
14.16666667,50,27.492738097259956,35.06184168283331,-7.569103585573355
14.1875,19,48.30518455016494,29.295558224793314,19.009626325371624
14.1875,50,27.592602645703323,35.37521244270332,-7.782609796999999
14.20833333,19,48.32134192155496,29.256887442556643,19.064454478998318
14.20833333,50,27.592602645703323,35.41928785439999,-7.8266852086966665
14.22916667,19,48.21934943274499,29.099606693650003,19.11974273909499
14.22916667,50,27.411477284893333,35.5926709333933,-8.181193648499967
14.25,19,48.378583379449935,29.135125691979965,19.24345768746997
14.25,50,27.24025281536001,34.912253967313326,-7.672001151953317
14.27083333,19,48.11734697058506,29.427528002756617,18.689818967828444
14.27083333,50,27.250887338233344,35.15673982154336,-7.905852483310017
14.29166667,19,48.00675383626498,29.469782910113356,18.53697092615162
14.29166667,50,27.250887338233344,34.99890476324659,-7.7480174250132485
14.3125,19,47.88840443513499,29.58243761700002,18.305966818134966
14.3125,50,27.17335321238996,35.22044792309661,-8.047094710706649
14.33333333,19,47.89596476366995,29.52347738978665,18.372487373883303
14.33333333,50,27.27428554995663,35.28259472785336,-8.008309177896727
14.35416667,19,47.920882889449956,29.91714980303671,18.003733086413245
14.35416667,50,27.313783720843315,35.396341189733256,-8.082557468889942
14.375,19,48.20604743519499,29.770786746826616,18.435260688368373
14.375,50,27.324418243713314,35.323767260273335,-7.999349016560021
14.39583333,19,48.087693047389905,29.80277688117,18.284916166219904
14.39583333,50,27.324418243713314,35.54535389108329,-8.220935647369974
14.41666667,19,48.10402456500498,30.034862262753297,18.06916230225168
14.41666667,50,27.356626415169973,35.29320012366668,-7.936573708496706
14.4375,19,48.12017648838497,30.63159623546335,17.488580252921622
14.4375,50,27.25571689418329,35.3155360529233,-8.059819158740009
14.45833333,19,48.43029092531498,30.694203091419997,17.73608783389498
14.45833333,50,27.63418839123665,35.33531153529001,-7.701123144053362
14.47916667,19,48.86737812361997,30.906062994633356,17.961315128986616
14.47916667,50,27.90370955847993,35.63567005029332,-7.731960491813389
14.5,19,48.613647563154984,30.66706061500334,17.946586948151644
14.5,50,27.86464382686002,35.73650764435331,-7.8718638174932885
14.52083333,19,48.63840428410998,30.77929025045334,17.859114033656642
14.52083333,50,27.70326306139661,35.93604841264994,-8.23278535125333
14.54166667,19,48.77293054198498,30.600865813673334,18.172064728311643
14.54166667,50,27.52119566797334,35.78753958344665,-8.26634391547331
14.5625,19,48.67090360779997,30.702133633090018,17.968769974709954
14.5625,50,27.541875412596635,35.97990885955327,-8.438033446956634
14.58333333,19,48.66230379690006,30.87102771940666,17.791276077493404
14.58333333,50,27.7372734504933,35.61796384194664,-7.880690391453339
14.60416667,19,48.71096003064491,30.595204525463334,18.11575550518158
14.60416667,50,27.826523120166637,35.728740970893305,-7.902217850726668
14.625,19,48.97247539393999,30.343166710663354,18.629308683276633
14.625,50,27.56224968465661,36.186173873363295,-8.623924188706685
14.64583333,19,48.72730152160494,30.43589563419664,18.291405887408303
14.64583333,50,27.39182947227668,35.91402143741997,-8.52219196514329
14.66666667,19,48.44961835223006,30.24719945125662,18.20241890097344
14.66666667,50,27.18907632060666,35.66190458147332,-8.472828260866663
14.6875,19,48.60891767510003,30.074065114766654,18.534852560333377
14.6875,50,27.04097626959329,35.762748498589986,-8.721772228996695
14.70833333,19,48.490533828595005,29.98662625933336,18.503907569261646
14.70833333,50,26.754538796799995,35.4904995120667,-8.735960715266703
14.72916667,19,48.49070797481494,29.62833894706,18.862369027754937
14.72916667,50,26.5830696726033,35.49342695183331,-8.910357279230006
14.75,19,48.22916629413004,29.813484949696658,18.41568134443338
14.75,50,26.41446079152998,35.323844524773335,-8.909383733243356
14.77083333,19,48.08601344662503,29.10765033067999,18.97836311594504
14.77083333,50,25.968079261163325,35.23404185502329,-9.265962593859967
14.79166667,19,47.70622577492003,28.847052941260017,18.85917283366001
14.79166667,50,25.78597561409663,34.980151880636605,-9.194176266539976
14.8125,19,47.56306747939999,28.56545381063999,18.99761366876
14.8125,50,25.332544750673303,34.80346747097667,-9.470922720303367
14.83333333,19,47.42851628815498,28.4852121706233,18.94330411753168
14.83333333,50,25.070140091533364,34.54430192136332,-9.474161829829956
14.85416667,19,47.30148812396493,28.228827057623374,19.072661066341556
14.85416667,50,24.60418893836989,34.36184569213996,-9.757656753770068
14.875,19,47.04868733904499,27.968212203146702,19.080475135898286
14.875,50,24.332832334036613,34.10068710317004,-9.767854769133425
14.89583333,19,46.76235985198008,27.42648077637993,19.33587907560015
14.89583333,50,23.900883888923243,33.82850781672668,-9.927623927803435
14.91666667,19,46.51705032871001,27.359999796303327,19.157050532406686
14.91666667,50,23.44641538273663,33.55916642261335,-10.11275103987672
14.9375,19,46.239319972569945,27.718317685866698,18.521002286703247
14.9375,50,23.370540301759927,33.30696665521672,-9.936426353456792
14.95833333,19,46.24700855652003,27.636802829170012,18.610205727350017
14.95833333,50,23.46339444207327,33.04294622149333,-9.579551779420061
14.97916667,19,46.239319972569945,28.28124716674999,17.958072805819956
14.97916667,50,23.645475503043258,33.12983464695325,-9.484359143909991
15.0,19,46.54085223859994,28.84114333021671,17.69970890838323
15.0,50,24.29357804572332,32.85472128009334,-8.561143234370018
15.02083333,19,46.96176766898003,29.056526643500018,17.905241025480013
15.02083333,50,24.387313710203255,33.13104750417335,-8.743733793970097
15.04166667,19,47.415124801610034,29.548781856266714,17.86634294534332
15.04166667,50,24.849566410493253,33.4003988219633,-8.550832411470047
15.0625,19,47.53356580822498,29.86616825694,17.667397551284978
15.0625,50,25.21468209976327,33.48728383367003,-8.272601733906757
15.08333333,19,47.68426707749501,30.083822000479966,17.600445077015042
15.08333333,50,25.226482832746683,33.58519296782996,-8.358710135083278
15.10416667,19,47.98694879689998,30.299281538369996,17.687667258529984
15.10416667,50,25.600407054436573,33.58226898672331,-7.9818619322867335
15.125,19,48.13766594886505,30.894913722776664,17.242752226088385
15.125,50,25.87355676652328,33.95720197159005,-8.083645205066773
15.14583333,19,48.29717801538999,31.106868747849983,17.190309267540005
15.14583333,50,26.14582159422658,33.87755494771337,-7.731733353486792
15.16666667,19,48.607428103254904,31.14984830252668,17.457579800728222
15.16666667,50,26.3466249438499,34.25344252038337,-7.906817576533474
15.1875,19,48.76677645824492,31.551119935613315,17.215656522631605
15.1875,50,26.452931991886583,34.615467573820034,-8.16253558193345
15.20833333,19,48.917699060494954,31.403176575169937,17.514522485325017
15.20833333,50,26.5413131425333,34.63659460256997,-8.09528146003667
15.22916667,19,48.94246722688007,31.4351975918734,17.50726963500667
15.22916667,50,26.2895327132566,34.81898524800996,-8.529452534753357
15.25,19,48.831754236254994,31.492508686486644,17.33924554976835
15.25,50,26.29851534302001,34.74199276696667,-8.443477423946657
15.27083333,19,48.55395083731008,31.429922447356603,17.12402838995348
15.27083333,50,25.94502579496331,34.85577384841997,-8.910748053456661
15.29166667,19,48.71348469588503,31.574250512233295,17.139234183651734
15.29166667,50,26.036979565996642,34.776982830640044,-8.740003264643402
15.3125,19,48.59504100930002,31.61704145401336,16.977999555286658
15.3125,50,26.046702034209982,35.06110062943666,-9.014398595226677
15.33333333,19,48.48430170129001,31.47047491033004,17.013826790959968
15.33333333,50,26.068238902953265,34.98230636231002,-8.914067459356755
15.35416667,19,48.627519924954925,31.772157037773315,16.85536288718161
15.35416667,50,25.977170234153277,34.98522347099989,-9.008053236846614
15.375,19,48.516775168929996,31.625580419213293,16.891194749716703
15.375,50,25.79594033861997,34.92360265519335,-9.127662316573378
15.39583333,19,48.53292709230999,31.570070794893354,16.962856297416636
15.39583333,50,25.704871669819983,35.01334968728668,-9.308478017466694
15.41666667,19,48.54924863657499,31.862245820566688,16.6870028160083
15.41666667,50,25.910177926886604,34.93344056833329,-9.023262641446685
15.4375,19,48.56540055995498,32.072888590260014,16.492511969694966
15.4375,50,25.82178713131331,34.763941256323314,-8.942154125010003
15.45833333,19,48.74111404332001,32.458302581570024,16.282811461749986
15.45833333,50,26.103960011676616,35.05431580719335,-8.950355795516732
15.47916667,19,48.87573504800008,32.48679722336669,16.388937824633388
15.47916667,50,26.09409235229661,34.874730186889984,-8.780637834593374
15.5,19,49.051464414060035,32.431298540179945,16.62016587388009
15.5,50,26.205642989029986,35.24382422241331,-9.038181233383323
15.52083333,19,48.90821895032997,32.44015376484663,16.46806518548334
15.52083333,50,26.03607588174998,35.0724337919066,-9.036357910156617
15.54166667,19,49.06779094500001,32.53268590088328,16.535105044116733
15.54166667,50,26.1145675821233,35.172277055966596,-9.057709473843296
15.5625,19,49.23491626004494,32.61954294208666,16.61537331795828
15.5625,50,26.217315794143286,34.96872502367663,-8.751409229533348
15.58333333,19,49.251079079449994,32.51024657587004,16.740832503579952
15.58333333,50,26.217315794143286,35.06951330313658,-8.852197508993296
15.60416667,19,49.107822719684975,32.407421742043425,16.70040097764155
15.60416667,50,26.22792673364332,35.0724337919066,-8.844507058263279
15.625,19,49.267241898854934,32.587010569866685,16.68023132898825
15.625,50,26.136847957683283,34.9825986286833,-8.845750671000015
15.64583333,19,49.267241898854934,32.66356835717329,16.603673541681644
15.64583333,50,26.21820104161327,35.0741613970367,-8.855960355423427
15.66666667,19,49.418214367839994,32.75465246380327,16.663561904036726
15.66666667,50,26.331560193133367,34.99251800984996,-8.660957816716593
15.6875,19,49.443003491665024,32.74887440808326,16.694129083581764
15.6875,50,26.411848042396667,35.08235317307325,-8.670505130676585
15.70833333,19,49.57764444303501,32.646810891619985,16.930833551415027
15.70833333,50,26.423520847510037,35.095281927089935,-8.671761079579898
15.72916667,19,49.57764444303501,32.82397036383327,16.753674079201744
15.72916667,50,26.42084273873998,35.27487422171995,-8.854031482979966
15.75,19,49.72862688536503,32.83572158294002,16.892905302425014
15.75,50,26.433395390230014,35.27487422171995,-8.841478831489933
15.77083333,19,49.59398094731995,33.00188760246336,16.592093344856586
15.77083333,50,26.706606127933316,35.29600142610999,-8.589395298176672
15.79166667,19,49.90440934754491,33.19795578694326,16.706453560601652
15.79166667,50,26.79768490389328,35.37282997913329,-8.575145075240012
15.8125,19,50.16598649843496,33.10687519906992,17.059111299365043
15.8125,50,26.706457132006562,35.382922610483284,-8.676465478476722
15.83333333,19,49.90440934754491,33.003349642533294,16.90105970501162
15.83333333,50,26.71721706743328,35.47560039506997,-8.75838332763669
15.85416667,19,49.90440934754491,32.91227257342333,16.992136774121583
15.85416667,50,26.798417786383236,35.47560039506997,-8.677182608686731
15.875,19,50.05523398769998,33.003349642533294,17.051884345166684
15.875,50,26.706457132006562,35.396799980516676,-8.690342848510113
15.89583333,19,50.198512139515,33.08510571440994,17.11340642510506
15.89583333,50,26.707335641369923,35.47560039506997,-8.768264753700045
15.91666667,19,50.190062661289915,33.263713424546644,16.92634923674327
15.91666667,50,26.99222740454324,35.47852087261666,-8.486293468073423
15.9375,19,50.34951452853994,33.53632228393667,16.81319224460327
15.9375,50,26.992953403689967,35.56827817965666,-8.575324775966692
15.95833333,19,50.49279268035497,33.52386675899,16.968925921364963
15.95833333,50,27.07342124014997,35.649914716879984,-8.576493476730015
15.97916667,19,50.34951452853994,33.71297824003326,16.636536288506683
15.97916667,50,27.257342548903313,35.67088558668331,-8.413543037779998
16.0,19,50.643633203204956,33.894999744276674,16.748633458928282
16.0,50,27.5402889405633,35.73666280425342,-8.19637386369012
16.02083333,19,50.937934152080004,34.088929539806635,16.84900461227337
16.02083333,50,27.629571486169993,35.82357390053998,-8.194002414369983
16.04166667,19,50.921572714425054,33.98559079451661,16.935981919908443
16.04166667,50,27.618950439509984,35.896229760160054,-8.27727932065007
16.0625,19,51.072595050145026,34.25653672754667,16.81605832259836
16.0625,50,27.89395389327664,35.896229760160054,-8.002275866883412
16.08333333,19,51.350363644524975,34.538687555830016,16.81167608869496
16.08333333,50,28.076996692666626,35.98890754475008,-7.911910852083452
16.10416667,19,51.35053954803999,34.44015287365672,16.91038667438327
16.10416667,50,28.26904733877662,36.261174374616644,-7.992127035840024
16.125,19,51.510024103370085,34.44259853198332,17.067425571386764
16.125,50,28.280553632906617,36.33815601288003,-8.05760237997341
16.14583333,19,51.526395514375,34.45115691481002,17.075238599564976
16.14583333,50,28.17796519376323,36.43091166487333,-8.252946471110096
16.16666667,19,51.526395514375,34.549004659636616,16.97739085473838
16.16666667,50,28.188592978529943,36.34391570925334,-8.155322730723395
16.1875,19,51.526395514375,34.549004659636616,16.97739085473838
16.1875,50,28.289587452029952,36.43375087248004,-8.144163420450088
16.20833333,19,51.391729629634995,34.35861431905331,17.033115310581685
16.20833333,50,28.109216104766688,36.533610383276674,-8.424394278509986
16.22916667,19,51.40793058513492,34.185995176576704,17.221935408558217
16.22916667,50,28.109216104766688,36.45490802352996,-8.345691918763272
16.25,19,51.26463608927992,34.37993197744004,16.88470411183988
16.25,50,28.120898772660023,36.650362393926684,-8.529463621266661
16.27083333,19,51.121341593424916,34.21211689808001,16.909224695344903
16.27083333,50,28.017252008716657,36.37082263300662,-8.353570624289961
16.29166667,19,50.98667570868491,33.93016343732006,17.056512271364852
16.29166667,50,27.856509482209958,36.47076342496996,-8.614253942760001
16.3125,19,51.42429700945996,33.85871687055336,17.565580138906604
16.3125,50,27.594066016666677,36.58450409327668,-8.990438076610001
16.33333333,19,51.01922720581007,34.13134992744335,16.887877278366716
16.33333333,50,27.50565555047001,36.222463347133385,-8.716807796663375
16.35416667,19,51.15389807722005,34.22243051531336,16.931467561906686
16.35416667,50,27.52723371926997,36.32327217648674,-8.79603845721677
16.375,19,51.31356444542001,34.233431037710034,17.08013340770998
16.375,50,27.799585990173302,36.160869393056636,-8.361283402883334
16.39583333,19,51.31356444542001,33.94047356798001,17.373090877440006
16.39583333,50,27.809491507939963,36.25063355006004,-8.441142042120074
16.41666667,19,51.17888858733494,34.208084418930035,16.970804168404904
16.41666667,50,27.651403986743315,36.24771992248001,-8.596315935736694
16.4375,19,51.31356444542001,34.119084796870006,17.194479648550008
16.4375,50,27.739817513836556,36.17894031275663,-8.439122798920074
16.45833333,19,51.17888858733494,34.21163436577672,16.96725422155822
16.45833333,50,27.841697452663237,36.17894031275663,-8.337242860093394
16.47916667,19,51.464435810994985,34.57032580459668,16.894110006398307
16.47916667,50,28.038041203983273,36.176026696399994,-8.137985492416721
16.5,19,51.599111669079946,35.02511675917996,16.573994909899987
16.5,50,28.504281798096674,36.27580789320666,-7.771526095109987
16.52083333,19,51.89329387455001,35.29774653800996,16.59554733654005
16.52083333,50,28.860499156549963,36.36565605382001,-7.505156897270048
16.54166667,19,52.29855408039492,35.383808198,16.914745882394925
16.54166667,50,29.234779096289987,36.72772399050992,-7.492944894219935
16.5625,19,52.458071323809975,35.394620737816695,17.06345058599328
16.5625,50,29.324078079866695,36.8245881572066,-7.500510077339904
16.58333333,19,52.31476593192491,35.394620737816695,16.920145194108215
16.58333333,50,29.5071515638233,36.90733973311327,-7.400188169289969
16.60416667,19,52.31476593192491,35.65476669748,16.65999923444491
16.60416667,50,29.77952403136332,37.09689192566335,-7.31736789430003
16.625,19,52.75244891814492,35.83504920572333,16.91739971242159
16.625,50,29.985813548483254,37.09689192566335,-7.111078377180096
16.64583333,19,52.88696115276497,36.02949845843667,16.857462694328298
16.64583333,50,30.052778740406627,37.37211613799002,-7.319337397583393
16.66666667,19,53.04666833703499,36.09518836857334,16.951479968461648
16.66666667,50,30.246496854396582,37.37211613799002,-7.125619283593437
16.6875,19,53.164952837425005,36.09518836857334,17.069764468851666
16.6875,50,30.16709368238662,37.65453853257338,-7.487444850186762
16.70833333,19,53.32466500836,36.079147805729995,17.245517202630005
16.70833333,50,30.622549659583267,37.83811610764993,-7.215566448066664
16.72916667,19,53.18135416846502,36.43103709311671,16.750317075348313
16.72916667,50,30.714527522316605,38.020483772969975,-7.30595625065337
16.75,19,53.59403667122996,36.50920805795666,17.084828613273295
16.75,50,30.967912222683328,38.00941170076336,-7.041499478080031
16.77083333,19,53.73734751112494,36.51275424534333,17.224593265781607
16.77083333,50,31.078884509236634,38.10741491469673,-7.028530405460099
16.79166667,19,54.02396919092001,36.58925293583335,17.434716255086663
16.79166667,50,31.339557952366665,38.47532715288006,-7.135769200513398
16.8125,19,53.88065835102503,36.68179901816666,17.198859332858376
16.8125,50,31.341289282219957,38.46133121182337,-7.120041929603413
16.83333333,19,54.02396919092001,36.58344272509665,17.44052646582336
16.83333333,50,31.14918562731661,38.374403495076685,-7.225217867760076
16.85416667,19,53.87203334255497,36.55705054537665,17.314982797178324
16.85416667,50,31.241160048379964,38.364278370256706,-7.123118321876742
16.875,19,53.998927891395,36.56807921785336,17.43084867354164
16.875,50,31.421558022233324,38.36420104097999,-6.942643018746669
16.89583333,19,53.99909964284501,36.63876093297328,17.360338709871733
16.89583333,50,31.343961432113286,38.53857892478667,-7.194617492673384
16.91666667,19,53.99909964284501,36.82237004156332,17.176729601281693
16.91666667,50,31.412452218479984,38.61821795696661,-7.205765738486626
16.9375,19,54.13360873615005,37.00243344417663,17.13117529197342
16.9375,50,31.59552218814997,38.71090598282327,-7.115383794673299
16.95833333,19,54.260669588424946,37.08847816809672,17.172191420328225
16.95833333,50,31.68749316753997,38.60809283214663,-6.920599664606662
16.97916667,19,54.428026685220004,37.348766041213366,17.079260644006638
16.97916667,50,32.065338787933264,38.76956976089002,-6.704230972956758
17.0,19,54.571337525119986,37.50743148089001,17.063906044229974
17.0,50,32.05183310017992,38.84635266987004,-6.794519569690124
17.02083333,19,54.70602335655002,37.871090222123335,16.834933134426684
17.02083333,50,32.32687404924328,39.01882742647668,-6.691953377233403
17.04166667,19,54.849334196445,37.95713163580672,16.89220256063828
17.04166667,50,32.58923767624996,38.912214420876616,-6.322976744626658
17.0625,19,55.110894630019914,38.142209854173416,16.968684775846498
17.0625,50,32.76163599084331,39.277169287829985,-6.515533296986675
17.08333333,19,55.50729537975991,38.12633311922665,17.38096226053326
17.08333333,50,32.950902171399925,39.459607793213344,-6.508705621813419
17.10416667,19,55.52356715943489,38.493537325739986,17.030029833694904
17.10416667,50,33.05555391451659,39.446791170579935,-6.391237256063349
17.125,19,55.52374159086497,38.58105157648,16.942690014384972
17.125,50,33.22593623712002,39.52940219044668,-6.303465953326665
17.14583333,19,55.683324210435046,38.672114570553354,17.01120963988169
17.14583333,50,33.22680478455993,39.61915949748667,-6.392354712926739
17.16666667,19,55.92858700828498,38.66174516813999,17.26684184014499
17.16666667,50,33.32792286776669,39.70083058468333,-6.372907716916643
17.1875,19,55.92858700828498,38.73820259631665,17.19038441196833
17.1875,50,33.49830174869661,39.98427132904328,-6.485969580346669
17.20833333,19,56.06326785304503,38.81987650825666,17.24339134478837
17.20833333,50,33.57959433490324,39.98427132904328,-6.40467699414004
17.22916667,19,56.06326785304503,38.81840036095991,17.24486749208512
17.22916667,50,33.497645890109915,40.25653817013998,-6.758892280030068
17.25,19,56.2065732449301,38.88901393158335,17.31755931334675
17.25,50,33.691390811289956,40.15963241440329,-6.468241603113334
17.27083333,19,56.33358506508006,38.885465669653364,17.448119395426694
17.27083333,50,33.703112930306624,40.34206067851661,-6.638947748209986
17.29166667,19,56.48455948156999,38.97117317863331,17.51338630293668
17.29166667,50,33.60029182101331,40.18087633174002,-6.580584510726716
17.3125,19,56.32479291856504,38.878641042596655,17.446151875968383
17.3125,50,33.7013162112,40.27354728881335,-6.5722310776133455
17.33333333,19,56.33342245235502,38.77721219705662,17.556210255298403
17.33333333,50,33.703112930306624,40.26332498736,-6.560212057053377
17.35416667,19,56.173828936755,38.75529366382997,17.418535272925034
17.35416667,50,33.612013940029975,40.273469608263326,-6.6614556682333514
17.375,19,56.451804738715,38.84634610162326,17.605458637091736
17.375,50,33.611141950916625,40.28637431712669,-6.675232366210068
17.39583333,19,56.32479291856504,38.84634610162326,17.478446816941776
17.39583333,50,33.52271166886002,40.28637431712669,-6.763662648266674
17.41666667,19,56.190117060475075,38.81939653868335,17.370720521791725
17.41666667,50,33.70578163852667,40.38723452121337,-6.681452882686699
17.4375,19,56.46809831044499,38.90302854301672,17.56506976742827
17.4375,50,33.52271166886002,40.29747036420671,-6.774758695346691
17.45833333,19,56.451804738715,38.99407746204671,17.457727276668287
17.45833333,50,33.79508390969662,40.465973461723365,-6.670889552026743
17.47916667,19,56.451804738715,39.07051825924001,17.381286479474987
17.47916667,50,33.795955898813304,40.28637431712669,-6.490418418313389
17.5,19,56.72978054066999,39.243220555616666,17.486559985053326
17.5,50,33.88705488908996,40.273390488616656,-6.386335599526696
17.52083333,19,56.72978054066999,39.51330089932336,17.21647964134663
17.52083333,50,34.160299119043316,40.462977453923294,-6.302678334879978
17.54166667,19,56.86445639875507,39.51477717537,17.349679223385067
17.54166667,50,34.251398109323304,40.62242791016664,-6.371029800843338
17.5625,19,56.86445639875507,39.51477717537,17.349679223385067
17.5625,50,34.333329345756624,40.542747115890016,-6.209417770133392
17.58333333,19,57.00775634262499,39.49283825168997,17.51491809093502
17.58333333,50,34.42442833603661,40.61132501312003,-6.186896677083418
17.60416667,19,57.15105628649502,39.49283825168997,17.658218034805053
17.60416667,50,34.42442833603661,40.61132501312003,-6.186896677083418
17.625,19,57.00775634262499,39.30927469386332,17.698481648761664
17.625,50,34.33246079831664,40.69384501500671,-6.36138421669007
17.64583333,19,57.00775634262499,39.31281871491668,17.694937627708306
17.64583333,50,34.33246079831664,40.60408770796331,-6.27162690964667
17.66666667,19,56.87308048453991,39.394472124449976,17.478608360089936
17.66666667,50,34.40266318647328,40.682742117960025,-6.280078931486742
17.6875,19,56.88092754323003,39.29137147394666,17.58955606928337
17.6875,50,34.4045720092333,40.7682608837633,-6.363688874529998
17.70833333,19,56.88075541849997,39.293046894233306,17.587708524266667
17.70833333,50,34.30066278913997,40.75526422227332,-6.454601433133348
17.72916667,19,56.7460795604149,39.28050320716329,17.465576353251606
17.72916667,50,34.30152445323665,40.66828434897999,-6.366759895743336
17.75,19,56.74624669847009,39.187985017423294,17.558261681046794
17.75,50,34.20956379885998,40.57568492503003,-6.36612112617005
17.77083333,19,56.62786487345494,39.009452072276645,17.618412801178295
17.77083333,50,34.18884580795998,40.64710529043998,-6.458259482480003
17.79166667,19,56.46826590984,38.92195748987994,17.546308419960063
17.79166667,50,34.007589611676586,40.547281813280016,-6.53969220160343
17.8125,19,56.46826590984,38.71716633773,17.75109957211
17.8125,50,33.995114653463325,40.62600450704664,-6.630889853583312
17.83333333,19,56.06326785304503,38.61359129324668,17.449676559798355
17.83333333,50,33.71453005566665,40.3437698682333,-6.629239812566652
17.85416667,19,56.2065732449301,38.52757984808333,17.67899339684677
17.85416667,50,33.802785240789945,40.25394770239658,-6.451162461606636
17.875,19,56.05560427644997,38.435065144916656,17.620539131533313
17.875,50,33.610857453209974,40.3364672110533,-6.725609757843323
17.89583333,19,55.92858700828498,38.31026927073996,17.61831773754502
17.89583333,50,33.4204435287833,40.15398416500326,-6.733540636219956
17.91666667,19,56.04698517733999,38.370006799549934,17.676978377790057
17.91666667,50,33.50973922476661,40.043146613236594,-6.533407388469982
17.9375,19,56.173828936755,38.35943900719,17.814389929565003
17.9375,50,33.30876062505664,39.95332769674993,-6.644567071693288
17.95833333,19,56.435343567584994,38.348580574576694,18.0867629930083
17.95833333,50,33.388027057176636,39.67096958448326,-6.2829425273066235
17.97916667,19,56.2757555,38.43071541561335,17.845040084386653
17.97916667,50,33.480831949436606,39.830396252713285,-6.349564303276679
18.0,19,56.14108462859002,38.49479487806002,17.646289750530002
18.0,50,33.561887972946614,39.72956344848334,-6.167675475536726
18.02083333,19,56.2757555,38.608732351810055,17.667023148189948
18.02083333,50,33.81181555848328,39.726718564230055,-5.914903005746773
18.04166667,19,56.15754081304004,38.53280004464,17.624740768400045
18.04166667,50,33.7106937431333,39.705415584256684,-5.994721841123386
18.0625,19,56.15754081304004,38.55471881857329,17.60282199446675
18.0625,50,33.80177925719996,39.68243842279666,-5.880659165596697
18.08333333,19,56.15754081304004,38.98568389796333,17.171856915076717
18.08333333,50,33.80177925719996,39.671345800696635,-5.869566543496674
18.10416667,19,56.2757555,38.52151409324665,17.75424140675335
18.10416667,50,33.66990988777324,39.671345800696635,-6.001435912923398
18.125,19,56.916928712510014,38.63032193140998,18.286606781100033
18.125,50,33.650795159523305,39.3465599002767,-5.695764740753397
18.14583333,19,56.8186032598349,38.45633722233333,18.36226603750157
18.14583333,50,33.731198983970025,39.51902230332663,-5.787823319356605
18.16666667,19,56.87138491633499,38.263427520990035,18.607957395344954
18.16666667,50,33.62755720248333,39.50785999236666,-5.880302789883331
18.1875,19,56.94044564587995,38.25696748939663,18.683478156483318
18.1875,50,33.44455218886329,39.69140819000332,-6.246856001140031
18.20833333,19,56.867199914034984,38.169753729766704,18.69744618426828
18.20833333,50,33.54651472780995,39.40925081966668,-5.862736091856732
18.22916667,19,56.65840507119498,37.92327761677999,18.735127454414986
18.22916667,50,33.274223726906634,39.40100909851333,-6.126785371606694
18.25,19,56.87083029309002,37.54989042219669,19.320939870893334
18.25,50,33.29163542906667,39.31128604129333,-6.0196506122266555
18.27083333,19,56.527466619015,37.39793559894997,19.12953102006503
18.27083333,50,33.018479758103275,39.288390138893305,-6.26991038079003
18.29166667,19,56.32733021926998,37.062651207336636,19.264679011933346
18.29166667,50,32.85816350573331,39.21273405571336,-6.354570549980053
18.3125,19,56.135081409074985,37.00896834612005,19.126113062954936
18.3125,50,32.778793698413324,39.05332759733327,-6.274533898919948
18.33333333,19,55.9514519832,36.91161860545996,19.039833377740045
18.33333333,50,32.778793698413324,38.95070312152662,-6.1719094231132985
18.35416667,19,55.751366372869995,36.684788643063335,19.06657772980666
18.35416667,50,32.778793698413324,38.97177312497998,-6.192979426566659
18.375,19,55.44090805260504,36.429638986856695,19.011269065748344
18.375,50,32.68685025239332,38.87096429562663,-6.184114043233308
18.39583333,19,55.39187063404,36.18689462581665,19.204976008223355
18.39583333,50,32.619289193166615,38.699603728536694,-6.0803145353700785
18.41666667,19,55.05639805717004,35.95300627512673,19.10339178204331
18.41666667,50,32.59756441918997,38.60980105878673,-6.0122366395967575
18.4375,19,54.872851186109926,35.78661750922,19.086233676889925
18.4375,50,32.516504736156584,38.62707286264,-6.110568126483415
18.45833333,19,54.26856950373502,35.70600220229994,18.56256730143508
18.45833333,50,32.711236080856644,38.341937364106684,-5.6307012832500405
18.47916667,19,54.203144418194995,36.18765516154326,18.015489256651733
18.47916667,50,32.80318296854663,38.52430750455335,-5.7211245360067196
18.5,19,54.01982913866999,36.296890539989896,17.722938598680095
18.5,50,32.905794700586625,38.53428491958338,-5.6284902189967525
18.52083333,19,54.02839487746991,36.33487378766002,17.693521089809884
18.52083333,50,32.996876845599935,38.72103213085336,-5.724155285253424
18.54166667,19,53.885312854139954,36.535013334566734,17.35029951957322
18.54166667,50,33.1781128540866,38.732190489919994,-5.554077635833394
18.5625,19,53.893878592939984,36.45347274649331,17.440405846446673
18.5625,50,33.16807999447659,38.73211790298998,-5.564037908513384
18.58333333,19,53.76722782069504,36.65866144759002,17.10856637310502
18.58333333,50,33.259391528376604,38.74232211343667,-5.482930585060068
18.60416667,19,53.78349415235999,36.74068471826664,17.04280943409335
18.60416667,50,33.53499247754659,38.82922096702998,-5.294228489483395
18.625,19,53.79976048402506,37.00027163076326,16.7994888532618
18.625,50,33.60189775965,38.92186461405,-5.3199668544000005
18.64583333,19,54.236903831694974,37.02218032982,17.21472350187497
18.64583333,50,34.079621901199936,39.29487671594669,-5.215254814746757
18.66666667,19,53.8324580667699,37.109540511889996,16.722917554879906
18.66666667,50,33.96794220360331,39.293837345159965,-5.325895141556657
18.6875,19,54.135086052595,37.12059733444668,17.01448871814832
18.6875,50,34.22840380638669,39.47621773809999,-5.247813931713303
18.70833333,19,54.14279070945503,37.22383818894332,16.91895252051171
18.70833333,50,34.1364638020367,39.38640856965333,-5.2499447676166255
18.72916667,19,54.00825946490494,37.402106298933326,16.606153165971612
18.72916667,50,34.400740897076616,39.648529346419956,-5.247788449343339
18.75,19,54.15906248913001,37.672557959456675,16.486504529673333
18.75,50,34.57455707111668,39.47605719532995,-4.901500124213271
18.77083333,19,54.436702997074974,37.9219666778234,16.514736319251575
18.77083333,50,34.75473903759329,39.92048610692666,-5.165747069333371
18.79166667,19,54.436702997074974,37.738683333353414,16.69801966372156
18.79166667,50,35.02807726977998,39.99918930461001,-4.9711120348300355
18.8125,19,55.033301814654976,37.64025601314999,17.39304580150499
18.8125,50,35.01549070740001,40.16873422524998,-5.153243517849965
18.83333333,19,54.747072391834934,37.73881017725663,17.008262214578302
18.83333333,50,35.09821426617665,40.261381286026676,-5.163167019850029
18.85416667,19,55.14280338123996,37.875163402879934,17.267639978360023
18.85416667,50,35.17921551341332,40.26422567705,-5.085010163636682
18.875,19,55.56356404861509,37.84284813583,17.72071591278509
18.875,50,35.61379965442328,40.33277433015667,-4.718974675733385
18.89583333,19,55.80827768897501,37.89787666056001,17.910401028415002
18.89583333,50,35.60635870771326,40.40131648456664,-4.79495777685338
18.91666667,19,55.942798960179914,38.037917535316716,17.9048814248632
18.91666667,50,35.77926217352998,40.46270838178335,-4.683446208253372
18.9375,19,56.204125027019984,38.29258008990663,17.911544937113355
18.9375,50,35.76753676691999,40.6349172920967,-4.8673805251767135
18.95833333,19,56.608383707194946,38.08185856365336,18.526525143541583
18.95833333,50,35.927094799666634,40.534094762810014,-4.60699996314338
18.97916667,19,56.726579179929956,38.6925613620333,18.034017817896654
18.97916667,50,36.09903911687991,40.68233539077994,-4.583296273900032
19.0,19,56.74289999172498,38.87224984894002,17.87065014278496
19.0,50,36.42499695680002,40.74355406542664,-4.318557108626621
19.02083333,19,57.28181937975995,39.14348491946665,18.1383344602933
19.02083333,50,36.7646659223866,40.98154468227998,-4.216878759893383
19.04166667,19,57.408427117294934,39.230815599023344,18.17761151827159
19.04166667,50,37.01608203060994,41.139746751233325,-4.123664720623388
19.0625,19,57.54293841515499,39.4140358633033,18.128902551851695
19.0625,50,37.084527251453245,41.20109489357336,-4.116567642120117
19.08333333,19,57.54293841515499,39.776941127919976,17.765997287235017
19.08333333,50,37.15719092306991,41.37055601335999,-4.213365090290075
19.10416667,19,57.68604223054007,40.419205907263326,17.266836323276742
19.10416667,50,37.58061478382331,41.42077064312332,-3.840155859300012
19.125,19,58.63603090036992,40.688798214560016,17.9472326858099
19.125,50,37.941250809093276,41.477247355300015,-3.5359965462067393
19.14583333,19,59.714236447364954,40.5219989470933,19.192237500271652
19.14583333,50,38.008046541636645,41.81794860909664,-3.809902067459994
19.16666667,19,60.22010255059996,40.570495557126684,19.649606993473277
19.16666667,50,38.09909836517003,41.87924958279999,-3.780151217629964
19.1875,19,60.44817790127996,40.53841945980336,19.909758441476605
19.1875,50,38.06733172364333,42.05160471854996,-3.9842729949066324
19.20833333,19,60.34071418603497,40.29344980896993,20.04726437706504
19.20833333,50,37.96369163701331,42.120144848933286,-4.156453211919974
19.22916667,19,60.25045988980497,39.9147188034633,20.33574108634167
19.22916667,50,37.95297625686328,41.92050696877326,-3.96753071190998
19.25,19,60.02511836277,39.86267867629666,20.16243968647334
19.25,50,37.67994654104658,42.024236511409946,-4.344289970363363
19.27083333,19,59.53094650165991,39.78750015032665,19.74344635133326
19.27083333,50,37.67007782379994,42.01903786188666,-4.348960038086716
19.29166667,19,59.05338319325,39.65214728532669,19.401235907923308
19.29166667,50,37.5781894445233,42.1098146448733,-4.531625200350007
19.3125,19,58.347722273830016,40.143729267820014,18.203993006010002
19.3125,50,37.37517719106999,41.90907819658329,-4.5339010055133
19.33333333,19,57.927295143174945,40.07344438869662,17.853850754478323
19.33333333,50,37.37517719106999,41.89904957520332,-4.523872384133334
19.35416667,19,57.405295591170045,40.019093765590014,17.38620182558003
19.35416667,50,37.27342683264999,41.722527585220064,-4.449100752570075
19.375,19,56.99342681786999,39.86153393387667,17.131892883993316
19.375,50,37.18154189504666,41.619692392346714,-4.438150497300057
19.39583333,19,56.74881780265497,39.79626259507662,16.95255520757835
19.39583333,50,36.97938969039998,41.51998181353334,-4.540592123133365
19.41666667,19,56.61438130490495,39.9980377295733,16.616343575331655
19.41666667,50,37.16230953365331,41.31927531190661,-4.156965778253301
19.4375,19,56.32835890659993,40.05246317159996,16.27589573499997
19.4375,50,36.97131953126325,41.2266828712366,-4.25536333997335
19.45833333,19,56.50418791806993,40.631213016153346,15.872974901916585
19.45833333,50,37.222644519083325,41.40610883453667,-4.183464315453342
19.47916667,19,56.50418791806993,40.56191701961999,15.94227089844994
19.47916667,50,37.302780728766606,41.37195824317333,-4.069177514406725
19.5,19,56.52051962589502,40.66218787217334,15.858331753721679
19.5,50,37.38189115516665,41.38292259335007,-4.001031438183418
19.52083333,19,56.69636498141,40.68566954905335,16.01069543235665
19.52083333,50,37.55568705049658,41.45152855964667,-3.895841509150088
19.54166667,19,56.55333743821501,40.70720782717998,15.846129611035032
19.54166667,50,37.80697470593998,41.34775711107003,-3.5407824051300523
19.5625,19,56.569669146039985,41.05737393973997,15.512295206300017
19.5625,50,38.07911392391327,41.42440683377,-3.345292909856731
19.58333333,19,56.586155250535,41.1446685606733,15.441486689861698
19.58333333,50,38.147488546830004,41.495857458613386,-3.348368911783382
19.60416667,19,57.02301529457492,41.38263651664003,15.640378777934892
19.60416667,50,38.50236489831995,41.66508628454998,-3.1627213862300323
19.625,19,57.15746675234999,41.37151635639998,15.78595039595001
19.625,50,38.48148602027667,41.734621974176626,-3.2531359538999567
19.64583333,19,57.31685324343999,41.26878217348659,16.0480710699534
19.64583333,50,38.548810784833336,41.81608072663672,-3.2672699418033844
19.66666667,19,57.31685324343999,41.360602196820004,15.95625104661999
19.66666667,50,38.53865402504664,41.975271336336654,-3.4366173112900142
19.6875,19,57.33320129530506,41.63150134345998,15.701699951845079
19.6875,50,38.790909853306594,42.05387239918002,-3.262962545873428
19.70833333,19,57.467805765724904,41.81109122193667,15.656714543788233
19.70833333,50,39.04211939347999,41.932812185550006,-2.8906927920700127
19.72916667,19,57.33334932127997,42.07058786256334,15.262761458716625
19.72916667,50,39.11204454702325,42.28715873487996,-3.175114187856707
19.75,19,57.76165959728502,42.250174462983296,15.511485134301722
19.75,50,39.44069209360665,42.26606669509332,-2.825374601486672
19.77083333,19,57.88834998464,42.05946066480002,15.82888931983998
19.77083333,50,39.6107528892799,42.70719403005997,-3.0964411407800725
19.79166667,19,57.904708932535016,41.89100126214339,16.013707670391625
19.79166667,50,39.50976466262322,42.496465592603236,-2.9867009299800173
19.8125,19,57.770252488084964,41.95623813545338,15.814014352631581
19.8125,50,39.30600687829659,42.65450133022997,-3.3484944519333766
19.83333333,19,57.627203152834966,41.936139647879976,15.69106350495499
19.83333333,50,39.286691454553306,42.364267914520006,-3.0775764599667
19.85416667,19,57.627203152834966,41.84316354031338,15.784039612521589
19.85416667,50,39.07118572153661,42.436607484473335,-3.3654217629367267
19.875,19,57.50910020827001,41.936139647879976,15.572960560390037
19.875,50,39.41257342638335,42.40525162691002,-2.992678200526676
19.89583333,19,57.78661143597998,41.84885486111663,15.93775657486335
19.89583333,50,39.30245357260003,42.373741106476665,-3.0712875338766352
19.91666667,19,57.64355665271495,42.01583616849666,15.627720484218287
19.91666667,50,39.18951667396334,42.62446294834668,-3.4349462743833428
19.9375,19,57.64355665271495,42.05901201612338,15.584544636591566
19.9375,50,39.35142794493,42.50638731288999,-3.1549593679599894
19.95833333,19,58.450970985824995,42.11398304001667,16.336987945808325
19.95833333,50,39.512299618773305,42.30391142158999,-2.791611802816682
19.97916667,19,58.58611307003497,42.29756872082006,16.28854434921491
19.97916667,50,39.670822355783265,42.26860844674665,-2.597786090963382
20.0,19,58.292241971755004,42.38985679670009,15.902385175054917
20.0,50,39.84344190569993,42.32979741288997,-2.4863555071900336
